[0] WaveName,[1] PrefabName,[2] ProcessStartTime,[3] ProcessCount,[4] ProcessIntervalInterval,[5] CompClass,[6] CompClass.ApplyParameters,[7] SpawnMin,6,[9] ProcessEndTime,[10] SpawnDelay,[11] WaveIncreaseRate,[12] StatusOverrides,[13] ExpAdditionPerWave,[14] ExpMultiplierPerWave,[15] ScoreAdditionPerWave,[16] ScoreMultiplierPerWave,[17] DestroyTime,[18] IsClear,[19] PreviewEffectName,[20] SpawneEffectName,[21] FirstProcessSEName,[22] FirstProcessSEVolume
Wave1,Enemy_Normal_Comp,0,8,2,SpawnRandom,,1,1,0,0,0.5,"MaxHP:1.0:0;ATK:1.0:0,Speed:1.0:0,DashSpeed:1.0:0",0,0,0,0,0,FALSE,,,,0.5
Wave1,Enemy_Normal_Comp,5,5,1,SpawnRandom,,1,1,0,0,0.5,"MaxHP:1.0:0;ATK:1.0:0,Speed:1.0:0,DashSpeed:1.0:0",0,0,0,0,0,FALSE,,,,0.5
Wave1,Enemy_Normal_Comp,10,3,0.5,SpawnSide,spawnDirection:Right,1,1,0,0,0.5,"MaxHP:1.0:0;ATK:1.0:0,Speed:1.0:0,DashSpeed:1.0:0",0,0,0,0,0,FALSE,,,,0.5
Wave1,Enemy_Normal_Comp,15,3,0.5,SpawnRandom,,1,1,0,0,0.5,"MaxHP:1.0:0;ATK:1.0:0,Speed:1.0:0,DashSpeed:1.0:0",0,0,0,0,0,FALSE,,,,0.5
Wave1,Enemy_Normal_Comp,20,3,0.5,SpawnSide,spawnDirection:Left,1,1,0,0,0.5,"MaxHP:1.0:0;ATK:1.0:0,Speed:1.0:0,DashSpeed:1.0:0",0,0,0,0,0,FALSE,,,,0.5
Wave1,Enemy_Normal_Comp,25,5,1,SpawnRandom,,1,1,0,0,0.5,"MaxHP:1.0:0;ATK:1.0:0,Speed:1.0:0,DashSpeed:1.0:0",0,0,0,0,0,FALSE,,,,0.5
Wave1,Enemy_Normal_Comp,30,3,0.5,SpawnSide,spawnDirection:Up,1,1,0,0,0.5,"MaxHP:1.0:0;ATK:1.0:0,Speed:1.0:0,DashSpeed:1.0:0",0,0,0,0,0,FALSE,,,,0.5
Wave1,Enemy_Normal_Comp,35,5,1,SpawnRandom,,1,1,0,0,0.5,"MaxHP:1.0:0;ATK:1.0:0,Speed:1.0:0,DashSpeed:1.0:0",0,0,0,0,0,FALSE,,,,0.5
Wave1,Enemy_Normal_Comp,40,3,0.5,SpawnSide,spawnDirection:Down,1,1,0,0,0.5,"MaxHP:1.0:0;ATK:1.0:0,Speed:1.0:0,DashSpeed:1.0:0",0,0,0,0,0,FALSE,,,,0.5
Wave1,Enemy_Normal_Comp,45,5,1,SpawnRandom,,1,1,0,0,0.5,"MaxHP:1.0:0;ATK:1.0:0,Speed:1.0:0,DashSpeed:1.0:0",0,0,0,0,0,FALSE,,,,0.5
Wave1,Enemy_Normal_Comp,50,5,1,SpawnRandom,,1,2,0,0,0.5,"MaxHP:1.0:0;ATK:1.0:0,Speed:1.0:0,DashSpeed:1.0:0",0,0,0,0,0,FALSE,,,,0.5
Wave1,Enemy_Normal_Comp,55,1,0.1,SpawnRandomRange,minDistance:8;maxDistance:14,5,5,0,1,0.5,"MaxHP:1.0:0;ATK:1.0:0,Speed:1.0:0,DashSpeed:1.0:0",0,0,0,0,0,FALSE,GenerationNotice,SpawnLanding,SpawnNotice,0.5
Wave2,Enemy_Normal_Comp,1,15,1,SpawnRandom,,1,1,0,0,0.5,"MaxHP:1.25:0;ATK:1.2:0,Speed:1.1:0,DashSpeed:1.1:0",2,0.05,10,0.05,0,FALSE,,,,0.5
Wave2,Enemy_Normal_Comp,5,5,0.5,SpawnRandom,,1,1,0,0,0.5,"MaxHP:1.25:0;ATK:1.2:0,Speed:1.1:0,DashSpeed:1.1:0",2,0.05,10,0.05,0,FALSE,,,,0.5
Wave2,Enemy_Normal_Comp,10,3,0.5,SpawnSide,spawnDirection:Up,1,1,0,0,0.5,"MaxHP:1.25:0;ATK:1.2:0,Speed:1.1:0,DashSpeed:1.1:0",2,0.05,10,0.05,0,FALSE,,,,0.5
Wave2,Enemy_Normal_Comp,10,3,0.5,SpawnSide,spawnDirection:Down,1,1,0,0,0.5,"MaxHP:1.25:0;ATK:1.2:0,Speed:1.1:0,DashSpeed:1.1:0",2,0.05,10,0.05,0,FALSE,,,,0.5
Wave2,Enemy_Normal_Comp,20,10,1,SpawnRandom,,1,2,0,0,0.5,"MaxHP:1.25:0;ATK:1.2:0,Speed:1.1:0,DashSpeed:1.1:0",2,0.05,10,0.05,0,FALSE,,,,0.5
Wave2,Enemy_Normal_Comp,30,1,5,SpawnRectangle,sizex:14;sizey:10,10,10,0,1,0.5,"MaxHP:1.25:0;ATK:1.2:0,Speed:1.1:0,DashSpeed:1.1:0",2,0.05,10,0.05,0,FALSE,GenerationNotice,SpawnLanding,SpawnNotice,0.5
Wave2,Enemy_Normal_Comp,40,5,0.5,SpawnSide,spawnDirection:Right,1,1,0,0,0.5,"MaxHP:1.25:0;ATK:1.2:0,Speed:1.1:0,DashSpeed:1.1:0",2,0.05,10,0.05,0,FALSE,,,,0.5
Wave2,Enemy_Normal_Comp,40,5,0.5,SpawnSide,spawnDirection:Left,1,1,0,0,0.5,"MaxHP:1.25:0;ATK:1.2:0,Speed:1.1:0,DashSpeed:1.1:0",2,0.05,10,0.05,0,FALSE,,,,0.5
Wave2,Enemy_Normal_Comp,50,10,1,SpawnRandom,,1,2,0,0,0.5,"MaxHP:1.25:0;ATK:1.2:0,Speed:1.1:0,DashSpeed:1.1:0",2,0.05,10,0.05,0,FALSE,,,,0.5
Wave2,Boss_Normal_Comp,55,1,0.1,SpawnRandomRange,minDistance:6;maxDistance:9,1,1,0,1,0.5,"MaxHP:1.25:0;ATK:1.2:0,Speed:1.1:0,DashSpeed:1.1:0",2,0.05,250,0,0,TRUE,GenerationNotice,SpawnLanding,SpawnNotice,0.5
Wave3,Enemy_Sniper_Comp,5,10,2,SpawnRandom,,1,1,0,0,0.5,"MaxHP:1.5:0;ATK:1.3:0,Speed:1.3:0,DashSpeed:1.3:0",5,0.1,15,0.1,0,FALSE,,,,0.5
Wave3,Enemy_Normal_Comp,5,3,1,SpawnRandom,,1,2,0,0,0.5,"MaxHP:1.5:0;ATK:1.3:0,Speed:1.3:0,DashSpeed:1.3:0",5,0.1,15,0.1,0,FALSE,,,,0.5
Wave3,Enemy_Sniper_Comp,10,5,1,SpawnRandom,,1,2,0,0,0.5,"MaxHP:1.5:0;ATK:1.3:0,Speed:1.3:0,DashSpeed:1.3:0",5,0.1,15,0.1,0,FALSE,,,,0.5
Wave3,Enemy_Normal_Comp,20,1,5,SpawnOval,radiusx:10;radiusy:8,13,13,0,1,0.5,"MaxHP:1.5:0;ATK:1.3:0,Speed:1.3:0,DashSpeed:1.3:0",5,0.1,15,0.1,0,FALSE,GenerationNotice,SpawnLanding,SpawnNotice,0.5
Wave3,Enemy_Sniper_Comp,30,3,1,SpawnSide,spawnDirection:UpperRight,1,1,0,0,0.5,"MaxHP:1.5:0;ATK:1.3:0,Speed:1.3:0,DashSpeed:1.3:0",5,0.1,15,0.1,0,FALSE,,,,0.5
Wave3,Enemy_Sniper_Comp,30,3,1,SpawnSide,spawnDirection:LowerLeft,1,1,0,0,0.5,"MaxHP:1.5:0;ATK:1.3:0,Speed:1.3:0,DashSpeed:1.3:0",5,0.1,15,0.1,0,FALSE,,,,0.5
Wave3,Enemy_Normal_Comp,35,2,1,SpawnRandom,,1,2,0,0,0.5,"MaxHP:1.5:0;ATK:1.3:0,Speed:1.3:0,DashSpeed:1.3:0",5,0.1,15,0.1,0,FALSE,,,,0.5
Wave3,Enemy_Sniper_Comp,40,3,1,SpawnSide,spawnDirection:UpperLeft,1,1,0,0,0.5,"MaxHP:1.5:0;ATK:1.3:0,Speed:1.3:0,DashSpeed:1.3:0",5,0.1,15,0.1,0,FALSE,,,,0.5
Wave3,Enemy_Sniper_Comp,40,3,1,SpawnSide,spawnDirection:LowerRight,1,1,0,0,0.5,"MaxHP:1.5:0;ATK:1.3:0,Speed:1.3:0,DashSpeed:1.3:0",5,0.1,15,0.1,0,FALSE,,,,0.5
Wave3,Enemy_Normal_Comp,45,2,1,SpawnRandom,,1,2,0,0,0.5,"MaxHP:1.5:0;ATK:1.3:0,Speed:1.3:0,DashSpeed:1.3:0",5,0.1,15,0.1,0,FALSE,,,,0.5
Wave3,Enemy_Sniper_Comp,45,2,1,SpawnRandom,,1,1,0,0,0.5,"MaxHP:1.5:0;ATK:1.3:0,Speed:1.3:0,DashSpeed:1.3:0",5,0.1,15,0.1,0,FALSE,,,,0.5
Wave3,Enemy_Sniper_Comp,50,2,1,SpawnRandom,,1,1,0,0,0.5,"MaxHP:1.5:0;ATK:1.3:0,Speed:1.3:0,DashSpeed:1.3:0",5,0.1,15,0.1,0,FALSE,,,,0.5
Wave3,Enemy_Sniper_Comp,55,1,0.1,SpawnRandomRange,minDistance:8;maxDistance:14,5,5,0,1,0.5,"MaxHP:1.5:0;ATK:1.3:0,Speed:1.3:0,DashSpeed:1.3:0",5,0.1,15,0.1,0,FALSE,GenerationNotice,SpawnLanding,SpawnNotice,0.5
Wave4,Enemy_Sniper_Comp,1,2,0.5,SpawnRandom,,1,1,0,0,0.5,"MaxHP:1.9:0;ATK:1.4:0,Speed:1.35:0,DashSpeed:1.35:0",10,0.15,20,0.15,0,FALSE,,,,0.5
Wave4,Enemy_Normal_Comp,5,1,1,SpawnOval,radiusx:10;radiusy:8,6,6,0,1,0.5,"MaxHP:1.9:0;ATK:1.4:0,Speed:1.35:0,DashSpeed:1.35:0",10,0.15,20,0.15,0,FALSE,GenerationNotice,SpawnLanding,SpawnNotice,0.5
Wave4,Enemy_Normal_Comp,8,1,1,SpawnOval,radiusx:10;radiusy:8,6,6,0,1,0.5,"MaxHP:1.9:0;ATK:1.4:0,Speed:1.35:0,DashSpeed:1.35:0",10,0.15,20,0.15,0,FALSE,GenerationNotice,SpawnLanding,SpawnNotice,0.5
Wave4,Enemy_Normal_Comp,11,1,1,SpawnOval,radiusx:10;radiusy:8,6,6,0,1,0.5,"MaxHP:1.9:0;ATK:1.4:0,Speed:1.35:0,DashSpeed:1.35:0",10,0.15,20,0.15,0,FALSE,GenerationNotice,SpawnLanding,SpawnNotice,0.5
Wave4,Enemy_Sniper_Comp,15,2,0.5,SpawnSide,spawnDirection:Up,1,1,0,0,0.5,"MaxHP:1.9:0;ATK:1.4:0,Speed:1.35:0,DashSpeed:1.35:0",10,0.15,20,0.15,0,FALSE,,,,0.5
Wave4,Enemy_Sniper_Comp,15,2,0.5,SpawnSide,spawnDirection:Down,1,1,0,0,0.5,"MaxHP:1.9:0;ATK:1.4:0,Speed:1.35:0,DashSpeed:1.35:0",10,0.15,20,0.15,0,FALSE,,,,0.5
Wave4,Enemy_Normal_Comp,20,1,1,SpawnRectangle,sizex:25;sizey:20,30,30,0,1,0.5,"MaxHP:1.9:20;ATK:1.4:0,Speed:0.2:0,DashSpeed:0.2:0",10,0.15,20,0.15,15,FALSE,GenerationNotice,SpawnLanding,SpawnNotice,0.5
Wave4,Enemy_Normal_Comp,25,3,1,SpawnRandom,,1,1,0,0,0.5,"MaxHP:1.9:0;ATK:1.4:0,Speed:1.35:0,DashSpeed:1.35:0",10,0.15,20,0.15,0,FALSE,,,,0.5
Wave4,Enemy_Sniper_Comp,30,2,1,SpawnRandom,,1,1,0,0,0.5,"MaxHP:1.9:0;ATK:1.4:0,Speed:1.35:0,DashSpeed:1.35:0",10,0.15,20,0.15,0,FALSE,,,,0.5
Wave4,Enemy_Sniper_Comp,35,2,1,SpawnRandom,,1,1,0,0,0.5,"MaxHP:1.9:0;ATK:1.4:0,Speed:1.35:0,DashSpeed:1.35:0",10,0.15,20,0.15,0,FALSE,,,,0.5
Wave4,Enemy_Normal_Comp,40,1,1,SpawnRectangle,sizex:14;sizey:10,8,8,0,1,0.5,"MaxHP:1.9:0;ATK:1.4:0,Speed:1.35:0,DashSpeed:1.35:0",10,0.15,20,0.15,0,FALSE,GenerationNotice,SpawnLanding,SpawnNotice,0.5
Wave4,Enemy_Sniper_Comp,50,2,0.5,SpawnSide,spawnDirection:Right,1,1,0,0,0.5,"MaxHP:1.9:0;ATK:1.4:0,Speed:1.35:0,DashSpeed:1.35:0",10,0.15,20,0.15,0,FALSE,,,,0.5
Wave4,Enemy_Sniper_Comp,50,2,0.5,SpawnSide,spawnDirection:Left,1,1,0,0,0.5,"MaxHP:1.9:0;ATK:1.4:0,Speed:1.35:0,DashSpeed:1.35:0",10,0.15,20,0.15,0,FALSE,,,,0.5
Wave4,Boss_Sniper_Comp,55,1,0.1,SpawnRandomRange,minDistance:6;maxDistance:9,1,1,0,1,0.5,"MaxHP:1.9:0;ATK:1.4:0,Speed:1.35:0,DashSpeed:1.35:0",10,0.15,250,0,0,TRUE,GenerationNotice,SpawnLanding,SpawnNotice,0.5
Wave5,Enemy_Sniper_Comp,5,5,0.5,SpawnRandom,,1,1,0,0,0.5,"MaxHP:2.3:0;ATK:1.5:0,Speed:1.4:0,DashSpeed:1.4:0",16,0.2,25,0.2,0,FALSE,,,,0.5
Wave5,Enemy_Sniper_Comp,5,1,1,SpawnOval,radiusx:15;radiusy:12,8,8,0,1,0.5,"MaxHP:2.3:0;ATK:1.5:0,Speed:1.4:0,DashSpeed:1.4:0",16,0.2,25,0.2,0,FALSE,GenerationNotice,SpawnLanding,SpawnNotice,0.5
Wave5,Enemy_Normal_Comp,10,5,1,SpawnRandom,,1,1,0,0,0.5,"MaxHP:2.3:0;ATK:1.5:0,Speed:1.4:0,DashSpeed:1.4:0",16,0.2,25,0.2,0,FALSE,,,,0.5
Wave5,Enemy_Sniper_Comp,15,1,1,SpawnOval,radiusx:15;radiusy:12,8,8,0,1,0.5,"MaxHP:2.3:0;ATK:1.5:0,Speed:1.4:0,DashSpeed:1.4:0",16,0.2,25,0.2,0,FALSE,GenerationNotice,SpawnLanding,SpawnNotice,0.5
Wave5,Enemy_Sniper_Comp,20,3,0.5,SpawnSide,spawnDirection:UpperRight,1,2,0,0,0.5,"MaxHP:2.3:0;ATK:1.5:0,Speed:1.4:0,DashSpeed:1.4:0",16,0.2,25,0.2,0,FALSE,,,,0.5
Wave5,Enemy_Sniper_Comp,20,3,0.5,SpawnSide,spawnDirection:LowerRight,1,2,0,0,0.5,"MaxHP:2.3:0;ATK:1.5:0,Speed:1.4:0,DashSpeed:1.4:0",16,0.2,25,0.2,0,FALSE,,,,0.5
Wave5,Enemy_Sniper_Comp,25,3,3,SpawnRectangle,sizex:10;sizey:8,4,4,0,1,0.5,"MaxHP:2.3:0;ATK:1.5:0,Speed:1.4:0,DashSpeed:1.4:0",16,0.2,25,0.2,0,FALSE,GenerationNotice,SpawnLanding,SpawnNotice,0.5
Wave5,Enemy_Normal_Comp,30,5,1,SpawnRandom,,1,1,0,0,0.5,"MaxHP:2.3:0;ATK:1.5:0,Speed:1.4:0,DashSpeed:1.4:0",16,0.2,25,0.2,0,FALSE,,,,0.5
Wave5,Enemy_Sniper_Comp,40,3,0.5,SpawnSide,spawnDirection:UpperLeft,1,2,0,0,0.5,"MaxHP:2.3:0;ATK:1.5:0,Speed:1.4:0,DashSpeed:1.4:0",16,0.2,25,0.2,0,FALSE,,,,0.5
Wave5,Enemy_Sniper_Comp,40,3,0.5,SpawnSide,spawnDirection:LowerLeft,1,2,0,0,0.5,"MaxHP:2.3:0;ATK:1.5:0,Speed:1.4:0,DashSpeed:1.4:0",16,0.2,25,0.2,0,FALSE,,,,0.5
Wave5,Enemy_Sniper_Comp,45,1,1,SpawnRectangle,sizex:16;sizey:13,6,6,0,1,0.5,"MaxHP:2.3:0;ATK:1.5:0,Speed:1.4:0,DashSpeed:1.4:0",16,0.2,25,0.2,0,FALSE,GenerationNotice,SpawnLanding,SpawnNotice,0.5
Wave5,Enemy_Sniper_Comp,45,1,1,SpawnOval,radiusx:10;radiusy:8,4,4,0,1,0.5,"MaxHP:2.3:0;ATK:1.5:0,Speed:1.4:0,DashSpeed:1.4:0",16,0.2,25,0.2,0,FALSE,GenerationNotice,SpawnLanding,SpawnNotice,0.5
Wave5,Enemy_Normal_Comp,50,5,1,SpawnRandom,,1,1,0,0,0.5,"MaxHP:2.3:0;ATK:1.5:0,Speed:1.4:0,DashSpeed:1.4:0",16,0.2,25,0.2,0,FALSE,,,,0.5
Wave5,Enemy_Normal_Comp,55,1,0.1,SpawnRandomRange,minDistance:8;maxDistance:14,3,3,0,1,0.5,"MaxHP:2.3:0;ATK:1.5:0,Speed:1.4:0,DashSpeed:1.4:0",16,0.2,25,0.2,0,FALSE,GenerationNotice,SpawnLanding,SpawnNotice,0.5
Wave5,Enemy_Sniper_Comp,55,1,0.1,SpawnRandomRange,minDistance:8;maxDistance:14,3,3,0,1,0.5,"MaxHP:2.3:0;ATK:1.5:0,Speed:1.4:0,DashSpeed:1.4:0",16,0.2,25,0.2,0,FALSE,GenerationNotice,SpawnLanding,SpawnNotice,0.5
Wave6,Enemy_Normal_Comp,5,10,0.75,SpawnRandom,,1,1,0,0,0.5,"MaxHP:2.5:0;ATK:1.6:0,Speed:1.45:0,DashSpeed:1.45:0",23,0.25,30,0.25,0,FALSE,,,,0.5
Wave6,Enemy_Normal_Comp,10,5,1,SpawnRandom,,1,2,0,0,0.5,"MaxHP:2.5:0;ATK:1.6:0,Speed:1.45:0,DashSpeed:1.45:0",23,0.25,30,0.25,0,FALSE,,,,0.5
Wave6,Enemy_Normal_Comp,15,1,1,SpawnRectangle,sizex:10;sizey:8,4,4,0,1,0.5,"MaxHP:2.5:0;ATK:1.6:0,Speed:1.45:0,DashSpeed:1.45:0",23,0.25,30,0.25,0,FALSE,GenerationNotice,SpawnLanding,SpawnNotice,0.5
Wave6,Enemy_Normal_Comp,20,5,1,SpawnRandom,,2,3,0,0,0.5,"MaxHP:2.5:0;ATK:1.6:0,Speed:1.45:0,DashSpeed:1.45:0",23,0.25,30,0.25,0,FALSE,,,,0.5
Wave6,Enemy_Tank_Comp,25,5,1,SpawnSide,spawnDirection:Right,1,1,0,0,0.5,"MaxHP:2.5:0;ATK:1.6:0,Speed:1.45:0,DashSpeed:1.45:0",23,0.25,30,0.25,0,FALSE,,,,0.5
Wave6,Enemy_Tank_Comp,25,5,1,SpawnSide,spawnDirection:Left,1,1,0,0,0.5,"MaxHP:2.5:0;ATK:1.6:0,Speed:1.45:0,DashSpeed:1.45:0",23,0.25,30,0.25,0,FALSE,,,,0.5
Wave6,Enemy_Normal_Comp,30,3,1,SpawnSide,spawnDirection:Up,2,3,0,0,0.5,"MaxHP:2.5:0;ATK:1.6:0,Speed:1.45:0,DashSpeed:1.45:0",23,0.25,30,0.25,0,FALSE,,,,0.5
Wave6,Enemy_Normal_Comp,30,3,1,SpawnSide,spawnDirection:Down,2,3,0,0,0.5,"MaxHP:2.5:0;ATK:1.6:0,Speed:1.45:0,DashSpeed:1.45:0",23,0.25,30,0.25,0,FALSE,,,,0.5
Wave6,Enemy_Tank_Comp,35,3,1,SpawnRandom,,1,1,0,0,0.5,"MaxHP:2.5:0;ATK:1.6:0,Speed:1.45:0,DashSpeed:1.45:0",23,0.25,30,0.25,0,FALSE,,,,0.5
Wave6,Enemy_Normal_Comp,40,10,0.5,SpawnRandom,,1,1,0,0,0.5,"MaxHP:2.5:0;ATK:1.6:0,Speed:1.45:0,DashSpeed:1.45:0",23,0.25,30,0.25,0,FALSE,,,,0.5
Wave6,Enemy_Tank_Comp,45,1,1,SpawnRectangle,sizex:16;sizey:12,1,1,0,1,0.5,"MaxHP:2.5:0;ATK:1.6:0,Speed:1.45:0,DashSpeed:1.45:0",23,0.25,30,0.25,0,FALSE,GenerationNotice,SpawnLanding,SpawnNotice,0.5
Wave6,Enemy_Normal_Comp,50,3,1,SpawnSide,spawnDirection:UpperRight,2,3,0,0,0.5,"MaxHP:2.5:0;ATK:1.6:0,Speed:1.45:0,DashSpeed:1.45:0",23,0.25,30,0.25,0,FALSE,,,,0.5
Wave6,Enemy_Normal_Comp,50,3,1,SpawnSide,spawnDirection:LowerRight,2,3,0,0,0.5,"MaxHP:2.5:0;ATK:1.6:0,Speed:1.45:0,DashSpeed:1.45:0",23,0.25,30,0.25,0,FALSE,,,,0.5
Wave6,Enemy_Normal_Comp,50,3,1,SpawnSide,spawnDirection:UpperLeft,2,3,0,0,0.5,"MaxHP:2.5:0;ATK:1.6:0,Speed:1.45:0,DashSpeed:1.45:0",23,0.25,30,0.25,0,FALSE,,,,0.5
Wave6,Enemy_Normal_Comp,50,3,1,SpawnSide,spawnDirection:LowerLeft,2,3,0,0,0.5,"MaxHP:2.5:0;ATK:1.6:0,Speed:1.45:0,DashSpeed:1.45:0",23,0.25,30,0.25,0,FALSE,,,,0.5
Wave6,Boss_Normal_Comp,55,1,0.1,SpawnRandomRange,minDistance:6;maxDistance:9,1,1,0,1,0.5,"MaxHP:2.5:0;ATK:1.6:0,Speed:1.45:0,DashSpeed:1.45:0",23,0.25,250,0.25,0,TRUE,GenerationNotice,SpawnLanding,SpawnNotice,0.5
Wave6,Boss_Sniper_Comp,55,1,0.1,SpawnRandomRange,minDistance:6;maxDistance:9,1,1,0,1,0.5,"MaxHP:2.5:0;ATK:1.6:0,Speed:1.45:0,DashSpeed:1.45:0",23,0.25,250,0.25,0,TRUE,GenerationNotice,SpawnLanding,SpawnNotice,0.5
Wave7,Enemy_Tank_Comp,3,5,0.75,SpawnRandom,,1,1,0,0,0.5,"MaxHP:2.7:0;ATK:1.7:0,Speed:1.5:0,DashSpeed:1.5:0",27,0.3,35,0.3,0,FALSE,,,,0.5
Wave7,Enemy_Normal_Comp,5,5,1,SpawnRandom,,1,2,0,0,0.5,"MaxHP:2.7:0;ATK:1.7:0,Speed:1.5:0,DashSpeed:1.5:0",27,0.3,35,0.3,0,FALSE,,,,0.5
Wave7,Enemy_Normal_Comp,10,1,1,SpawnRectangle,sizex:23;sizey:17,34,34,0,1,0.5,"MaxHP:2.7:30;ATK:1.7:0,Speed:0.15:0,DashSpeed:1.5:0",27,0.3,35,0.3,17.5,FALSE,GenerationNotice,SpawnLanding,SpawnNotice,0.5
Wave7,Enemy_Tank_Comp,15,3,1,SpawnRandom,,1,1,0,0,0.5,"MaxHP:2.7:0;ATK:1.7:0,Speed:1.5:0,DashSpeed:1.5:0",27,0.3,35,0.3,0,FALSE,,,,0.5
Wave7,Enemy_Sniper_Comp,20,3,0.75,SpawnSide,spawnDirection:Up,1,2,0,0,0.5,"MaxHP:2.7:0;ATK:1.7:0,Speed:1.5:0,DashSpeed:1.5:0",27,0.3,35,0.3,0,FALSE,,,,0.5
Wave7,Enemy_Sniper_Comp,20,3,0.75,SpawnSide,spawnDirection:Down,1,2,0,0,0.5,"MaxHP:2.7:0;ATK:1.7:0,Speed:1.5:0,DashSpeed:1.5:0",27,0.3,35,0.3,0,FALSE,,,,0.5
Wave7,Enemy_Tank_Comp,30,3,1,SpawnRandom,,1,1,0,0,0.5,"MaxHP:2.7:0;ATK:1.7:0,Speed:1.5:0,DashSpeed:1.5:0",27,0.3,35,0.3,0,FALSE,,,,0.5
Wave7,Enemy_Sniper_Comp,35,1,1,SpawnOval,radiusx:10;radiusy:8,6,6,0,1,0.5,"MaxHP:2.7:0;ATK:1.7:0,Speed:1.5:0,DashSpeed:1.5:0",27,0.3,35,0.3,0,FALSE,GenerationNotice,SpawnLanding,SpawnNotice,0.5
Wave7,Enemy_Normal_Comp,40,1,1,SpawnRectangle,sizex:23;sizey:17,34,34,0,1,0.5,"MaxHP:2.7:30;ATK:1.7:0,Speed:0.15:0,DashSpeed:1.5:0",27,0.3,35,0.3,17.5,FALSE,GenerationNotice,SpawnLanding,SpawnNotice,0.5
Wave7,Enemy_Tank_Comp,45,3,1,SpawnRandom,,1,1,0,0,0.5,"MaxHP:2.7:0;ATK:1.7:0,Speed:1.5:0,DashSpeed:1.5:0",27,0.3,35,0.3,0,FALSE,,,,0.5
Wave7,Enemy_Sniper_Comp,50,3,0.75,SpawnSide,spawnDirection:Right,1,2,0,0,0.5,"MaxHP:2.7:0;ATK:1.7:0,Speed:1.5:0,DashSpeed:1.5:0",27,0.3,35,0.3,0,FALSE,,,,0.5
Wave7,Enemy_Sniper_Comp,50,3,0.75,SpawnSide,spawnDirection:Left,1,2,0,0,0.5,"MaxHP:2.7:0;ATK:1.7:0,Speed:1.5:0,DashSpeed:1.5:0",27,0.3,35,0.3,0,FALSE,,,,0.5
Wave7,Enemy_Sniper_Comp,52.5,1,1,SpawnOval,radiusx:10;radiusy:8,6,6,0,1,0.5,"MaxHP:2.7:0;ATK:1.7:0,Speed:1.5:0,DashSpeed:1.5:0",27,0.3,35,0.3,0,FALSE,,,,0.5
Wave7,Enemy_Tank_Comp,55,1,0.1,SpawnRandomRange,minDistance:8;maxDistance:14,5,5,0,1,0.5,"MaxHP:2.7:0;ATK:1.7:0,Speed:1.5:0,DashSpeed:1.5:0",27,0.3,35,0.3,0,FALSE,GenerationNotice,SpawnLanding,SpawnNotice,0.5
Wave8,Enemy_Tank_Comp,1,5,0.5,SpawnRandom,,1,1,0,0,0.5,"MaxHP:3.0:0;ATK:1.8:0,Speed:1.55:0,DashSpeed:1.55:0",31,0.35,40,0.35,0,FALSE,,,,0.5
Wave8,Enemy_Normal_Comp,5,5,0.1,SpawnSide,spawnDirection:Up,1,1,0,0,0.5,"MaxHP:3.0:0;ATK:1.8:0,Speed:1.55:0,DashSpeed:1.55:0",31,0.35,40,0.35,0,FALSE,,,,0.5
Wave8,Enemy_Normal_Comp,5,5,0.1,SpawnSide,spawnDirection:Down,1,1,0,0,0.5,"MaxHP:3.0:0;ATK:1.8:0,Speed:1.55:0,DashSpeed:1.55:0",31,0.35,40,0.35,0,FALSE,,,,0.5
Wave8,Enemy_Normal_Comp,5,5,0.1,SpawnSide,spawnDirection:Right,1,1,0,0,0.5,"MaxHP:3.0:0;ATK:1.8:0,Speed:1.55:0,DashSpeed:1.55:0",31,0.35,40,0.35,0,FALSE,,,,0.5
Wave8,Enemy_Normal_Comp,5,5,0.1,SpawnSide,spawnDirection:Left,1,1,0,0,0.5,"MaxHP:3.0:0;ATK:1.8:0,Speed:1.55:0,DashSpeed:1.55:0",31,0.35,40,0.35,0,FALSE,,,,0.5
Wave8,Enemy_Sniper_Comp,10,5,0.5,SpawnRandom,,1,2,0,0,0.5,"MaxHP:3.0:0;ATK:1.8:0,Speed:1.55:0,DashSpeed:1.55:0",31,0.35,40,0.35,0,FALSE,,,,0.5
Wave8,Enemy_Tank_Comp,15,1,0.5,SpawnRectangle,sizex:15;sizey:12,1,1,0,1,0.5,"MaxHP:3.0:0;ATK:1.8:0,Speed:1.55:0,DashSpeed:1.55:0",31,0.35,40,0.35,0,FALSE,GenerationNotice,SpawnLanding,SpawnNotice,0.5
Wave8,Enemy_Normal_Comp,20,10,1,SpawnRandom,,1,2,0,0,0.5,"MaxHP:3.0:0;ATK:1.8:0,Speed:1.55:0,DashSpeed:1.55:0",31,0.35,40,0.35,0,FALSE,,,,0.5
Wave8,Enemy_Tank_Comp,35,2,0.5,SpawnSide,spawnDirection:UpperRight,1,1,0,0,0.5,"MaxHP:3.0:0;ATK:1.8:0,Speed:1.55:0,DashSpeed:1.55:0",31,0.35,40,0.35,0,FALSE,,,,0.5
Wave8,Enemy_Tank_Comp,35,2,0.5,SpawnSide,spawnDirection:UpperLeft,1,1,0,0,0.5,"MaxHP:3.0:0;ATK:1.8:0,Speed:1.55:0,DashSpeed:1.55:0",31,0.35,40,0.35,0,FALSE,,,,0.5
Wave8,Enemy_Tank_Comp,35,2,0.5,SpawnSide,spawnDirection:LowerRight,1,1,0,0,0.5,"MaxHP:3.0:0;ATK:1.8:0,Speed:1.55:0,DashSpeed:1.55:0",31,0.35,40,0.35,0,FALSE,,,,0.5
Wave8,Enemy_Tank_Comp,35,2,0.5,SpawnSide,spawnDirection:LowerLeft,1,1,0,0,0.5,"MaxHP:3.0:0;ATK:1.8:0,Speed:1.55:0,DashSpeed:1.55:0",31,0.35,40,0.35,0,FALSE,,,,0.5
Wave8,Enemy_Normal_Comp,45,6,1,SpawnRandomRange,minDistance:5;maxDistance:12,1,2,0,1,0.5,"MaxHP:3.0:0;ATK:1.8:0,Speed:1.55:0,DashSpeed:1.55:0",31,0.35,40,0.35,0,FALSE,GenerationNotice,SpawnLanding,SpawnNotice,0.5
Wave8,Enemy_Tank_Comp,52,5,1,SpawnRandom,,1,1,0,0,0.5,"MaxHP:3.0:0;ATK:1.8:0,Speed:1.55:0,DashSpeed:1.55:0",31,0.35,40,0.35,0,FALSE,,,,0.5
Wave8,Boss_Tank_Comp,55,1,0.1,SpawnRandomRange,minDistance:6;maxDistance:9,1,1,0,1,0.5,"MaxHP:3.0:0;ATK:1.8:0,Speed:1.55:0,DashSpeed:1.55:0",31,0.35,250,0.35,0,TRUE,GenerationNotice,SpawnLanding,SpawnNotice,0.5
Wave9,Enemy_Normal_Comp,5,5,0.75,SpawnRandom,,1,1,0,0,0.5,"MaxHP:3.1:0;ATK:1.9:0,Speed:1.6:0,DashSpeed:1.6:0",35,0.4,45,0.4,0,FALSE,,,,0.5
Wave9,Enemy_Tank_Comp,5,5,0.75,SpawnRandom,,1,1,0,0,0.5,"MaxHP:3.1:0;ATK:1.9:0,Speed:1.6:0,DashSpeed:1.6:0",35,0.4,45,0.4,0,FALSE,,,,0.5
Wave9,Enemy_Sniper_Comp,10,1,1,SpawnOval,radiusx:16;radiusy:13,9,9,0,1,0.5,"MaxHP:3.1:0;ATK:1.9:0,Speed:1.6:0,DashSpeed:1.6:0",35,0.4,45,0.4,0,FALSE,GenerationNotice,SpawnLanding,SpawnNotice,0.5
Wave9,Enemy_Normal_Comp,15,5,1,SpawnRandom,,1,2,0,0,0.5,"MaxHP:3.1:0;ATK:1.9:0,Speed:1.6:0,DashSpeed:1.6:0",35,0.4,45,0.4,0,FALSE,,,,0.5
Wave9,Enemy_Normal_Comp,15,1,1,SpawnRandomRange,minDistance:7;maxDistance:12,2,2,0,1,0.5,"MaxHP:3.1:0;ATK:1.9:0,Speed:1.6:0,DashSpeed:1.6:0",35,0.4,45,0.4,0,FALSE,GenerationNotice,SpawnLanding,SpawnNotice,0.5
Wave9,Enemy_Normal_Comp,16,1,1,SpawnRandomRange,minDistance:7;maxDistance:12,2,2,0,1,0.5,"MaxHP:3.1:0;ATK:1.9:0,Speed:1.6:0,DashSpeed:1.6:0",35,0.4,45,0.4,0,FALSE,GenerationNotice,SpawnLanding,SpawnNotice,0.5
Wave9,Enemy_Normal_Comp,17,1,1,SpawnRandomRange,minDistance:7;maxDistance:12,2,2,0,1,0.5,"MaxHP:3.1:0;ATK:1.9:0,Speed:1.6:0,DashSpeed:1.6:0",35,0.4,45,0.4,0,FALSE,GenerationNotice,SpawnLanding,SpawnNotice,0.5
Wave9,Enemy_Normal_Comp,18,1,1,SpawnRandomRange,minDistance:7;maxDistance:12,3,3,0,1,0.5,"MaxHP:3.1:0;ATK:1.9:0,Speed:1.6:0,DashSpeed:1.6:0",35,0.4,45,0.4,0,FALSE,GenerationNotice,SpawnLanding,SpawnNotice,0.5
Wave9,Enemy_Normal_Comp,19,1,1,SpawnRandomRange,minDistance:7;maxDistance:12,3,3,0,1,0.5,"MaxHP:3.1:0;ATK:1.9:0,Speed:1.6:0,DashSpeed:1.6:0",35,0.4,45,0.4,0,FALSE,GenerationNotice,SpawnLanding,SpawnNotice,0.5
Wave9,Enemy_Tank_Comp,30,2,0.75,SpawnSide,spawnDirection:UpperLeft,1,1,0,0,0.5,"MaxHP:3.1:0;ATK:1.9:0,Speed:1.6:0,DashSpeed:1.6:0",35,0.4,45,0.4,0,FALSE,,,,0.5
Wave9,Enemy_Tank_Comp,30,2,0.75,SpawnSide,spawnDirection:LowerRight,1,1,0,0,0.5,"MaxHP:3.1:0;ATK:1.9:0,Speed:1.6:0,DashSpeed:1.6:0",35,0.4,45,0.4,0,FALSE,,,,0.5
Wave9,Enemy_Tank_Comp,35,2,0.75,SpawnSide,spawnDirection:UpperRight,1,1,0,0,0.5,"MaxHP:3.1:0;ATK:1.9:0,Speed:1.6:0,DashSpeed:1.6:0",35,0.4,45,0.4,0,FALSE,,,,0.5
Wave9,Enemy_Tank_Comp,35,2,0.75,SpawnSide,spawnDirection:LowerLeft,1,1,0,0,0.5,"MaxHP:3.1:0;ATK:1.9:0,Speed:1.6:0,DashSpeed:1.6:0",35,0.4,45,0.4,0,FALSE,,,,0.5
Wave9,Enemy_Sniper_Comp,40,10,0.5,SpawnRandom,,1,2,0,0,0.5,"MaxHP:3.1:0;ATK:1.9:0,Speed:1.6:0,DashSpeed:1.6:0",35,0.4,45,0.4,0,FALSE,,,,0.5
Wave9,Enemy_Normal_Comp,45,1,0.75,SpawnRectangle,sizex:15;sizey:12,1,1,0,1,0.5,"MaxHP:3.1:0;ATK:1.9:0,Speed:1.6:0,DashSpeed:1.6:0",35,0.4,45,0.4,0,FALSE,GenerationNotice,SpawnLanding,SpawnNotice,0.5
Wave9,Enemy_Normal_Comp,46,1,0.75,SpawnRectangle,sizex:15;sizey:12,2,2,0,1,0.5,"MaxHP:3.1:0;ATK:1.9:0,Speed:1.6:0,DashSpeed:1.6:0",35,0.4,45,0.4,0,FALSE,GenerationNotice,SpawnLanding,SpawnNotice,0.5
Wave9,Enemy_Normal_Comp,47,1,0.75,SpawnRectangle,sizex:15;sizey:12,3,3,0,1,0.5,"MaxHP:3.1:0;ATK:1.9:0,Speed:1.6:0,DashSpeed:1.6:0",35,0.4,45,0.4,0,FALSE,GenerationNotice,SpawnLanding,SpawnNotice,0.5
Wave9,Enemy_Normal_Comp,48,1,0.75,SpawnRectangle,sizex:15;sizey:12,4,4,0,1,0.5,"MaxHP:3.1:0;ATK:1.9:0,Speed:1.6:0,DashSpeed:1.6:0",35,0.4,45,0.4,0,FALSE,GenerationNotice,SpawnLanding,SpawnNotice,0.5
Wave9,Enemy_Normal_Comp,49,1,0.75,SpawnRectangle,sizex:15;sizey:12,5,5,0,1,0.5,"MaxHP:3.1:0;ATK:1.9:0,Speed:1.6:0,DashSpeed:1.6:0",35,0.4,45,0.4,0,FALSE,GenerationNotice,SpawnLanding,SpawnNotice,0.5
Wave9,Enemy_Normal_Comp,59,1,1,SpawnRandomRange,minDistance:8;maxDistance:14,5,5,0,1,0.5,"MaxHP:3.1:0;ATK:1.9:0,Speed:1.6:0,DashSpeed:1.6:0",35,0.4,45,0.4,0,FALSE,GenerationNotice,SpawnLanding,SpawnNotice,0.5
Wave9,Enemy_Sniper_Comp,55,1,1,SpawnRandomRange,minDistance:8;maxDistance:14,3,3,0,1,0.5,"MaxHP:3.1:0;ATK:1.9:0,Speed:1.6:0,DashSpeed:1.6:0",35,0.4,45,0.4,0,FALSE,GenerationNotice,SpawnLanding,SpawnNotice,0.5
Wave9,Enemy_Tank_Comp,55,1,0.1,SpawnRandomRange,minDistance:8;maxDistance:14,3,3,0,1,0.5,"MaxHP:3.1:0;ATK:1.9:0,Speed:1.6:0,DashSpeed:1.6:0",35,0.4,45,0.4,0,FALSE,GenerationNotice,SpawnLanding,SpawnNotice,0.5
Wave10,Enemy_Normal_Comp,5,2,0.75,SpawnSide,spawnDirection:UpperLeft,1,2,0,0,0.5,"MaxHP:3.25:0;ATK:2.0:0,Speed:1.65:0,DashSpeed:1.65:0",40,0.45,50,0.45,0,FALSE,,,,0.5
Wave10,Enemy_Sniper_Comp,5,2,0.75,SpawnSide,spawnDirection:LowerLeft,1,2,0,0,0.5,"MaxHP:3.25:0;ATK:2.0:0,Speed:1.65:0,DashSpeed:1.65:0",40,0.45,50,0.45,0,FALSE,,,,0.5
Wave10,Enemy_Tank_Comp,5,2,0.75,SpawnSide,spawnDirection:Right,1,2,0,0,0.5,"MaxHP:3.25:0;ATK:2.0:0,Speed:1.65:0,DashSpeed:1.65:0",40,0.45,50,0.45,0,FALSE,,,,0.5
Wave10,Enemy_Normal_Comp,10,2,0.75,SpawnSide,spawnDirection:LowerRight,1,2,0,0,0.5,"MaxHP:3.25:0;ATK:2.0:0,Speed:1.65:0,DashSpeed:1.65:0",40,0.45,50,0.45,0,FALSE,,,,0.5
Wave10,Enemy_Sniper_Comp,10,2,0.75,SpawnSide,spawnDirection:Left,1,2,0,0,0.5,"MaxHP:3.25:0;ATK:2.0:0,Speed:1.65:0,DashSpeed:1.65:0",40,0.45,50,0.45,0,FALSE,,,,0.5
Wave10,Enemy_Tank_Comp,10,2,0.75,SpawnSide,spawnDirection:UpperRight,1,2,0,0,0.5,"MaxHP:3.25:0;ATK:2.0:0,Speed:1.65:0,DashSpeed:1.65:0",40,0.45,50,0.45,0,FALSE,,,,0.5
Wave10,Enemy_Normal_Comp,15,5,0.75,SpawnRandom,,1,2,0,0,0.5,"MaxHP:3.25:0;ATK:2.0:0,Speed:1.65:0,DashSpeed:1.65:0",40,0.45,50,0.45,0,FALSE,,,,0.5
Wave10,Enemy_Sniper_Comp,17,1,1,SpawnRectangle,sizex:15;sizey:12,3,4,0,1,0.5,"MaxHP:3.25:0;ATK:2.0:0,Speed:1.65:0,DashSpeed:1.65:0",40,0.45,50,0.45,0,FALSE,GenerationNotice,SpawnLanding,SpawnNotice,0.5
Wave10,Enemy_Sniper_Comp,18,1,1,SpawnRectangle,sizex:15;sizey:12,3,4,0,1,0.5,"MaxHP:3.25:0;ATK:2.0:0,Speed:1.65:0,DashSpeed:1.65:0",40,0.45,50,0.45,0,FALSE,GenerationNotice,SpawnLanding,SpawnNotice,0.5
Wave10,Enemy_Sniper_Comp,19,1,1,SpawnRectangle,sizex:15;sizey:12,3,4,0,1,0.5,"MaxHP:3.25:0;ATK:2.0:0,Speed:1.65:0,DashSpeed:1.65:0",40,0.45,50,0.45,0,FALSE,GenerationNotice,SpawnLanding,SpawnNotice,0.5
Wave10,Enemy_Normal_Comp,20,5,0.75,SpawnRandom,,1,2,0,0,0.5,"MaxHP:3.25:0;ATK:2.0:0,Speed:1.65:0,DashSpeed:1.65:0",40,0.45,50,0.45,0,FALSE,,,,0.5
Wave10,Enemy_Tank_Comp,22,1,1,SpawnRectangle,sizex:15;sizey:12,3,4,0,1,0.5,"MaxHP:3.25:0;ATK:2.0:0,Speed:1.65:0,DashSpeed:1.65:0",40,0.45,50,0.45,0,FALSE,GenerationNotice,SpawnLanding,SpawnNotice,0.5
Wave10,Enemy_Tank_Comp,23,1,1,SpawnRectangle,sizex:15;sizey:12,3,4,0,1,0.5,"MaxHP:3.25:0;ATK:2.0:0,Speed:1.65:0,DashSpeed:1.65:0",40,0.45,50,0.45,0,FALSE,GenerationNotice,SpawnLanding,SpawnNotice,0.5
Wave10,Enemy_Tank_Comp,24,1,1,SpawnRectangle,sizex:15;sizey:12,3,4,0,1,0.5,"MaxHP:3.25:0;ATK:2.0:0,Speed:1.65:0,DashSpeed:1.65:0",40,0.45,50,0.45,0,FALSE,GenerationNotice,SpawnLanding,SpawnNotice,0.5
Wave10,Enemy_Normal_Comp,25,5,0.75,SpawnRandom,,1,2,0,0,0.5,"MaxHP:3.25:0;ATK:2.0:0,Speed:1.65:0,DashSpeed:1.65:0",40,0.45,50,0.45,0,FALSE,,,,0.5
Wave10,Enemy_Normal_Comp,30,1,1,SpawnOval,radiusx:16;radiusy:13,9,9,0,1,0.5,"MaxHP:3.25:0;ATK:2.0:0,Speed:1.65:0,DashSpeed:1.65:0",40,0.45,50,0.45,0,FALSE,GenerationNotice,SpawnLanding,SpawnNotice,0.5
Wave10,Enemy_Normal_Comp,40,1,1,SpawnOval,radiusx:16;radiusy:13,12,12,0,1,0.5,"MaxHP:3.25:0;ATK:2.0:0,Speed:1.65:0,DashSpeed:1.65:0",40,0.45,50,0.45,0,FALSE,GenerationNotice,SpawnLanding,SpawnNotice,0.5
Wave10,Enemy_Normal_Comp,50,1,1,SpawnOval,radiusx:16;radiusy:13,15,15,0,1,0.5,"MaxHP:3.25:0;ATK:2.0:0,Speed:1.65:0,DashSpeed:1.65:0",40,0.45,50,0.45,0,FALSE,GenerationNotice,SpawnLanding,SpawnNotice,0.5
Wave10,Boss_Normal_Comp,55,1,0.1,SpawnRandomRange,minDistance:8;maxDistance:15,1,1,0,1,0.5,"MaxHP:3.25:0;ATK:2.0:0,Speed:1.65:0,DashSpeed:1.65:0",40,0.45,250,0.45,0,TRUE,GenerationNotice,SpawnLanding,SpawnNotice,0.5
Wave10,Boss_Sniper_Comp,56,1,0.1,SpawnRandomRange,minDistance:8;maxDistance:15,1,1,0,1,0.5,"MaxHP:3.25:0;ATK:2.0:0,Speed:1.65:0,DashSpeed:1.65:0",40,0.45,250,0.45,0,TRUE,GenerationNotice,SpawnLanding,SpawnNotice,0.5
Wave10,Boss_Tank_Comp,57,1,0.1,SpawnRandomRange,minDistance:8;maxDistance:15,1,1,0,1,0.5,"MaxHP:3.25:0;ATK:2.0:0,Speed:1.65:0,DashSpeed:1.65:0",40,0.45,250,0.45,0,TRUE,GenerationNotice,SpawnLanding,SpawnNotice,0.5
EndlessWave1,Enemy_Normal_Comp,5,5,1,SpawnRandom,,1,2,0,0,0.5,"MaxHP:3.4:0;ATK:2.1:0,Speed:1.7:0,DashSpeed:1.7:0",50,0.5,55,0.5,0,FALSE,,,,0.5
EndlessWave1,Enemy_Sniper_Comp,10,4,1,SpawnRandom,,1,2,0,0,0.5,"MaxHP:3.4:0;ATK:2.1:0,Speed:1.7:0,DashSpeed:1.7:0",50,0.5,55,0.5,0,FALSE,,,,0.5
EndlessWave1,Enemy_Tank_Comp,15,3,1,SpawnRandom,,1,2,0,0,0.5,"MaxHP:3.4:0;ATK:2.1:0,Speed:1.7:0,DashSpeed:1.7:0",50,0.5,55,0.5,0,FALSE,,,,0.5
EndlessWave1,Enemy_Normal_Comp,20,5,1,SpawnRandom,,1,2,0,0,0.5,"MaxHP:3.4:0;ATK:2.1:0,Speed:1.7:0,DashSpeed:1.7:0",50,0.5,55,0.5,0,FALSE,,,,0.5
EndlessWave1,Enemy_Sniper_Comp,25,4,1,SpawnRandom,,1,2,0,0,0.5,"MaxHP:3.4:0;ATK:2.1:0,Speed:1.7:0,DashSpeed:1.7:0",50,0.5,55,0.5,0,FALSE,,,,0.5
EndlessWave1,Enemy_Tank_Comp,30,3,1,SpawnRandom,,1,2,0,0,0.5,"MaxHP:3.4:0;ATK:2.1:0,Speed:1.7:0,DashSpeed:1.7:0",50,0.5,55,0.5,0,FALSE,,,,0.5
EndlessWave1,Enemy_Normal_Comp,35,5,1,SpawnRandom,,1,2,0,0,0.5,"MaxHP:3.4:0;ATK:2.1:0,Speed:1.7:0,DashSpeed:1.7:0",50,0.5,55,0.5,0,FALSE,,,,0.5
EndlessWave1,Enemy_Sniper_Comp,40,4,1,SpawnRandom,,1,2,0,0,0.5,"MaxHP:3.4:0;ATK:2.1:0,Speed:1.7:0,DashSpeed:1.7:0",50,0.5,55,0.5,0,FALSE,,,,0.5
EndlessWave1,Enemy_Tank_Comp,45,3,1,SpawnRandom,,1,2,0,0,0.5,"MaxHP:3.4:0;ATK:2.1:0,Speed:1.7:0,DashSpeed:1.7:0",50,0.5,55,0.5,0,FALSE,,,,0.5
EndlessWave1,Enemy_Normal_Comp,50,5,1,SpawnRandom,,1,2,0,0,0.5,"MaxHP:3.4:0;ATK:2.1:0,Speed:1.7:0,DashSpeed:1.7:0",50,0.5,55,0.5,0,FALSE,,,,0.5
EndlessWave1,Enemy_Sniper_Comp,55,4,1,SpawnRandom,,1,2,0,0,0.5,"MaxHP:3.4:0;ATK:2.1:0,Speed:1.7:0,DashSpeed:1.7:0",50,0.5,55,0.5,0,FALSE,,,,0.5
EndlessWave1,Enemy_Tank_Comp,59,3,1,SpawnRandom,,1,2,0,0,0.5,"MaxHP:3.4:0;ATK:2.1:0,Speed:1.7:0,DashSpeed:1.7:0",50,0.5,55,0.5,0,FALSE,,,,0.5
EndlessWave2,Enemy_Normal_Comp,5,3,0.5,SpawnSide,spawnDirection:Right,1,2,0,0,0.5,"MaxHP:3.5:0;ATK:2.2:0,Speed:1.75:0,DashSpeed:1.75:0",70,0.55,60,0.55,0,FALSE,,,,0.5
EndlessWave2,Enemy_Normal_Comp,5,3,0.5,SpawnSide,spawnDirection:Left,1,2,0,0,0.5,"MaxHP:3.5:0;ATK:2.2:0,Speed:1.75:0,DashSpeed:1.75:0",70,0.55,60,0.55,0,FALSE,,,,0.5
EndlessWave2,Enemy_Normal_Comp,10,1,1,SpawnRandomRange,minDistance:7;maxDistance:12,5,5,0,1,0.5,"MaxHP:3.5:0;ATK:2.2:0,Speed:1.75:0,DashSpeed:1.75:0",70,0.55,60,0.55,0,FALSE,GenerationNotice,SpawnLanding,SpawnNotice,0.5
EndlessWave2,Enemy_Sniper_Comp,20,1,1,SpawnRectangle,sizex:15;sizey:12,4,4,0,1,0.5,"MaxHP:3.5:0;ATK:2.2:0,Speed:1.75:0,DashSpeed:1.75:0",70,0.55,60,0.55,0,FALSE,GenerationNotice,SpawnLanding,SpawnNotice,0.5
EndlessWave2,Enemy_Normal_Comp,25,4,1,SpawnRandom,,1,1,0,0,0.5,"MaxHP:3.5:0;ATK:2.2:0,Speed:1.75:0,DashSpeed:1.75:0",70,0.55,60,0.55,0,FALSE,,,,0.5
EndlessWave2,Enemy_Tank_Comp,30,2,1,SpawnRandom,,1,2,0,0,0.5,"MaxHP:3.5:0;ATK:2.2:0,Speed:1.75:0,DashSpeed:1.75:0",70,0.55,60,0.55,0,FALSE,,,,0.5
EndlessWave2,Enemy_Normal_Comp,30,1,1,SpawnOval,radiusx:16;radiusy:13,6,6,0,1,0.5,"MaxHP:3.5:0;ATK:2.2:0,Speed:1.75:0,DashSpeed:1.75:0",70,0.55,60,0.55,0,FALSE,GenerationNotice,SpawnLanding,SpawnNotice,0.5
EndlessWave2,Enemy_Sniper_Comp,40,2,0.5,SpawnSide,spawnDirection:Up,1,2,0,0,0.5,"MaxHP:3.5:0;ATK:2.2:0,Speed:1.75:0,DashSpeed:1.75:0",70,0.55,60,0.55,0,FALSE,,,,0.5
EndlessWave2,Enemy_Sniper_Comp,40,2,0.5,SpawnSide,spawnDirection:Down,1,2,0,0,0.5,"MaxHP:3.5:0;ATK:2.2:0,Speed:1.75:0,DashSpeed:1.75:0",70,0.55,60,0.55,0,FALSE,,,,0.5
EndlessWave2,Enemy_Normal_Comp,45,1,1,SpawnRandom,,1,1,0,0,0.5,"MaxHP:3.5:0;ATK:2.2:0,Speed:1.75:0,DashSpeed:1.75:0",70,0.55,60,0.55,0,FALSE,,,,0.5
EndlessWave2,Enemy_Tank_Comp,55,1,1,SpawnRectangle,sizex:17;sizey:14,2,2,0,1,0.5,"MaxHP:3.5:0;ATK:2.2:0,Speed:1.75:0,DashSpeed:1.75:0",70,0.55,60,0.55,0,FALSE,GenerationNotice,SpawnLanding,SpawnNotice,0.5
EndlessWave2,Enemy_Normal_Comp,59,1,1,SpawnRandomRange,minDistance:9;maxDistance:15,8,8,0,1,0.5,"MaxHP:3.5:0;ATK:2.2:0,Speed:1.75:0,DashSpeed:1.75:0",70,0.55,60,0.55,0,FALSE,GenerationNotice,SpawnLanding,SpawnNotice,0.5
EndlessWave3,Enemy_Sniper_Comp,5,1,0.5,SpawnRectangle,sizex:15;sizey:12,4,4,0,1,0.5,"MaxHP:3.6:0;ATK:2.3:0,Speed:1.8:0,DashSpeed:1.8:0",90,0.6,65,0.6,0,FALSE,GenerationNotice,SpawnLanding,SpawnNotice,0.5
EndlessWave3,Enemy_Normal_Comp,10,3,0.5,SpawnRandom,,1,2,0,0,0.5,"MaxHP:3.6:0;ATK:2.3:0,Speed:1.8:0,DashSpeed:1.8:0",90,0.6,65,0.6,0,FALSE,,,,0.5
EndlessWave3,Enemy_Tank_Comp,15,1,1,SpawnRandomRange,minDistance:7;maxDistance:12,2,3,0,1,0.5,"MaxHP:3.6:0;ATK:2.3:0,Speed:1.8:0,DashSpeed:1.8:0",90,0.6,65,0.6,0,FALSE,GenerationNotice,SpawnLanding,SpawnNotice,0.5
EndlessWave3,Enemy_Sniper_Comp,20,3,0.5,SpawnRandom,,1,2,0,0,0.5,"MaxHP:3.6:0;ATK:2.3:0,Speed:1.8:0,DashSpeed:1.8:0",90,0.6,65,0.6,0,FALSE,,,,0.5
EndlessWave3,Enemy_Normal_Comp,25,4,1,SpawnRandom,,1,1,0,0,0.5,"MaxHP:3.6:0;ATK:2.3:0,Speed:1.8:0,DashSpeed:1.8:0",90,0.6,65,0.6,0,FALSE,,,,0.5
EndlessWave3,Enemy_Sniper_Comp,30,1,1,SpawnRectangle,sizex:30;sizey:24,40,40,0,1,0.5,"MaxHP:1.0:0;ATK:1.5:0,Speed:0.01:0,DashSpeed:0.01:0",90,0.6,65,0.6,20,FALSE,GenerationNotice,SpawnLanding,SpawnNotice,0.5
EndlessWave3,Enemy_Normal_Comp,37,1,1,SpawnOval,radiusx:16;radiusy:13,6,6,0,1,0.5,"MaxHP:3.6:0;ATK:2.3:0,Speed:1.8:0,DashSpeed:1.8:0",90,0.6,65,0.6,0,FALSE,GenerationNotice,SpawnLanding,SpawnNotice,0.5
EndlessWave3,Enemy_Normal_Comp,43,1,0.5,SpawnOval,radiusx:16;radiusy:13,6,6,0,1,0.5,"MaxHP:3.6:0;ATK:2.3:0,Speed:1.8:0,DashSpeed:1.8:0",90,0.6,65,0.6,0,FALSE,GenerationNotice,SpawnLanding,SpawnNotice,0.5
EndlessWave3,Enemy_Sniper_Comp,50,5,0.5,SpawnRandom,,1,2,0,0,0.5,"MaxHP:3.6:0;ATK:2.3:0,Speed:1.8:0,DashSpeed:1.8:0",90,0.6,65,0.6,0,FALSE,,,,0.5
EndlessWave3,Enemy_Tank_Comp,59,1,1,SpawnRandomRange,minDistance:9;maxDistance:15,3,3,0,1,0.5,"MaxHP:3.6:0;ATK:2.3:0,Speed:1.8:0,DashSpeed:1.8:0",90,0.6,65,0.6,0,FALSE,GenerationNotice,SpawnLanding,SpawnNotice,0.5
EndlessWave4,Enemy_Normal_Comp,10,3,3,SpawnOval,radiusx:12;radiusy:10,6,6,0,1,0.5,"MaxHP:3.7:0;ATK:2.4:0,Speed:1.85:0,DashSpeed:1.85:0",120,0.65,70,0.65,0,FALSE,GenerationNotice,SpawnLanding,SpawnNotice,0.5
EndlessWave4,Enemy_Sniper_Comp,30,3,3,SpawnRectangle,sizex:15;sizey:12,4,4,0,1,0.5,"MaxHP:3.7:0;ATK:2.4:0,Speed:1.85:0,DashSpeed:1.85:0",120,0.65,70,0.65,0,FALSE,GenerationNotice,SpawnLanding,SpawnNotice,0.5
EndlessWave4,Enemy_Tank_Comp,50,3,3,SpawnRandomRange,minDistance:10;maxDistance:18,3,3,0,1,0.5,"MaxHP:3.7:0;ATK:2.4:0,Speed:1.85:0,DashSpeed:1.85:0",120,0.65,70,0.65,0,FALSE,GenerationNotice,SpawnLanding,SpawnNotice,0.5
EndlessWave5,Enemy_Normal_Comp,10,1,0.5,SpawnRandom,,1,1,0,0,0.5,"MaxHP:3.8:0;ATK:2.5:0,Speed:1.9:0,DashSpeed:1.9:0",150,0.7,75,0.7,0,FALSE,,,,0.5
EndlessWave5,Enemy_Normal_Comp,15,3,0.5,SpawnRandom,,2,3,0,0,0.5,"MaxHP:3.8:0;ATK:2.5:0,Speed:1.9:0,DashSpeed:1.9:0",150,0.7,75,0.7,0,FALSE,,,,0.5
EndlessWave5,Enemy_Sniper_Comp,20,1,0.5,SpawnOval,radiusx:18;radiusy:13,6,6,0,1,0.5,"MaxHP:3.8:0;ATK:2.5:0,Speed:1.9:0,DashSpeed:1.9:0",150,0.7,75,0.7,0,FALSE,GenerationNotice,SpawnLanding,SpawnNotice,0.5
EndlessWave5,Enemy_Tank_Comp,25,3,0.5,SpawnRandom,,1,1,0,0,0.5,"MaxHP:3.8:0;ATK:2.5:0,Speed:1.9:0,DashSpeed:1.9:0",150,0.7,75,0.7,0,FALSE,,,,0.5
EndlessWave5,Enemy_Sniper_Comp,30,1,1,SpawnRectangle,sizex:15;sizey:12,4,4,0,1,0.5,"MaxHP:3.8:0;ATK:2.5:0,Speed:1.9:0,DashSpeed:1.9:0",150,0.7,75,0.7,0,FALSE,GenerationNotice,SpawnLanding,SpawnNotice,0.5
EndlessWave5,Enemy_Normal_Comp,35,3,0.5,SpawnSide,spawnDirection:UpperLeft,1,2,0,0,0.5,"MaxHP:3.8:0;ATK:2.5:0,Speed:1.9:0,DashSpeed:1.9:0",150,0.7,75,0.7,0,FALSE,,,,0.5
EndlessWave5,Enemy_Normal_Comp,35,3,0.5,SpawnSide,spawnDirection:LowerRight,1,2,0,0,0.5,"MaxHP:3.8:0;ATK:2.5:0,Speed:1.9:0,DashSpeed:1.9:0",150,0.7,75,0.7,0,FALSE,,,,0.5
EndlessWave5,Enemy_Tank_Comp,40,3,1,SpawnRandom,,1,1,0,0,0.5,"MaxHP:3.8:0;ATK:2.5:0,Speed:1.9:0,DashSpeed:1.9:0",150,0.7,75,0.7,0,FALSE,,,,0.5
EndlessWave5,Enemy_Normal_Comp,50,3,0.5,SpawnSide,spawnDirection:LowerLeft,1,2,0,0,0.5,"MaxHP:3.8:0;ATK:2.5:0,Speed:1.9:0,DashSpeed:1.9:0",150,0.7,75,0.7,0,FALSE,,,,0.5
EndlessWave5,Enemy_Normal_Comp,50,3,0.5,SpawnSide,spawnDirection:UpperRight,1,2,0,0,0.5,"MaxHP:3.8:0;ATK:2.5:0,Speed:1.9:0,DashSpeed:1.9:0",150,0.7,75,0.7,0,FALSE,,,,0.5
EndlessWave5,Enemy_Sniper_Comp,55,5,0.5,SpawnRandom,,1,2,0,0,0.5,"MaxHP:3.8:0;ATK:2.5:0,Speed:1.9:0,DashSpeed:1.9:0",150,0.7,75,0.7,0,FALSE,,,,0.5
EndlessWave5,Boss_Normal_Comp,59,1,1,SpawnRandomRange,minDistance:9;maxDistance:15,3,3,0,1,0.5,"MaxHP:3.8:0;ATK:2.5:0,Speed:1.9:0,DashSpeed:1.9:0",150,0.7,75,0.7,0,FALSE,GenerationNotice,SpawnLanding,SpawnNotice,0.5
EndlessWave6,Enemy_Normal_Comp,5,1,0.5,SpawnOval,radiusx:30;radiusy:24,40,40,0,1,0.5,"MaxHP:3.9:0;ATK:2.6:0,Speed:1.95:0,DashSpeed:1.95:0",190,0.75,80,0.75,20,FALSE,GenerationNotice,SpawnLanding,SpawnNotice,0.5
EndlessWave6,Enemy_Tank_Comp,10,3,0.5,SpawnRandom,,1,1,0,0,0.5,"MaxHP:3.9:0;ATK:2.6:0,Speed:1.95:0,DashSpeed:1.95:0",190,0.75,80,0.75,0,FALSE,,,,0.5
EndlessWave6,Enemy_Sniper_Comp,15,1,0.5,SpawnOval,radiusx:18;radiusy:13,6,6,0,1,0.5,"MaxHP:3.9:0;ATK:2.6:0,Speed:1.95:0,DashSpeed:1.95:0",190,0.75,80,0.75,0,FALSE,GenerationNotice,SpawnLanding,SpawnNotice,0.5
EndlessWave6,Enemy_Normal_Comp,20,3,0.5,SpawnRandom,,1,2,0,0,0.5,"MaxHP:3.9:0;ATK:2.6:0,Speed:1.95:0,DashSpeed:1.95:0",190,0.75,80,0.75,0,FALSE,,,,0.5
EndlessWave6,Enemy_Normal_Comp,30,10,0.5,SpawnRandom,,1,1,0,0,0.5,"MaxHP:3.9:0;ATK:2.6:0,Speed:1.95:0,DashSpeed:1.95:0",190,0.75,80,0.75,0,FALSE,,,,0.5
EndlessWave6,Enemy_Normal_Comp,35,1,1,SpawnRectangle,sizex:30;sizey:24,40,40,0,1,0.5,"MaxHP:3.9:0;ATK:2.6:0,Speed:1.95:0,DashSpeed:1.95:0",190,0.75,80,0.75,20,FALSE,GenerationNotice,SpawnLanding,SpawnNotice,0.5
EndlessWave6,Enemy_Normal_Comp,40,1,0.5,SpawnRandomRange,minDistance:9;maxDistance:15,5,5,0,1,0.5,"MaxHP:3.9:0;ATK:2.6:0,Speed:1.95:0,DashSpeed:1.95:0",190,0.75,80,0.75,0,FALSE,GenerationNotice,SpawnLanding,SpawnNotice,0.5
EndlessWave6,Enemy_Tank_Comp,45,3,1,SpawnRandom,,1,1,0,0,0.5,"MaxHP:3.9:0;ATK:2.6:0,Speed:1.95:0,DashSpeed:1.95:0",190,0.75,80,0.75,0,FALSE,,,,0.5
EndlessWave6,Enemy_Normal_Comp,50,1,0.5,SpawnOval,radiusx:18;radiusy:13,8,8,0,1,0.5,"MaxHP:3.9:0;ATK:2.6:0,Speed:1.95:0,DashSpeed:1.95:0",190,0.75,80,0.75,0,FALSE,GenerationNotice,SpawnLanding,SpawnNotice,0.5
EndlessWave6,Enemy_Sniper_Comp,55,5,0.5,SpawnRandom,,1,2,0,0,0.5,"MaxHP:3.9:0;ATK:2.6:0,Speed:1.95:0,DashSpeed:1.95:0",190,0.75,80,0.75,0,FALSE,,,,0.5
EndlessWave6,Boss_Sniper_Comp,59,1,1,SpawnSide,spawnDirection:Right,1,1,0,0,0.5,"MaxHP:3.9:0;ATK:2.6:0,Speed:1.95:0,DashSpeed:1.95:0",190,0.75,80,0.75,0,FALSE,,,,0.5
EndlessWave7,Enemy_Sniper_Comp,5,3,0.5,SpawnRandom,,1,2,0,0,0.5,"MaxHP:4.0:0;ATK:2.7:0,Speed:2.0:0,DashSpeed:2.0:0",230,0.8,85,0.8,0,FALSE,,,,0.5
EndlessWave7,Enemy_Normal_Comp,10,2,1,SpawnRandom,,2,2,0,0,0.5,"MaxHP:4.0:0;ATK:2.7:0,Speed:2.0:0,DashSpeed:2.0:0",230,0.8,85,0.8,0,FALSE,,,,0.5
EndlessWave7,Enemy_Sniper_Comp,15,1,0.5,SpawnRandomRange,minDistance:9;maxDistance:15,6,6,0,1,0.5,"MaxHP:4.0:0;ATK:2.7:0,Speed:2.0:0,DashSpeed:2.0:0",230,0.8,85,0.8,0,FALSE,GenerationNotice,SpawnLanding,SpawnNotice,0.5
EndlessWave7,Enemy_Normal_Comp,20,1,0.5,SpawnRandomRange,minDistance:9;maxDistance:15,3,3,0,1,0.5,"MaxHP:4.0:0;ATK:2.7:0,Speed:2.0:0,DashSpeed:2.0:0",230,0.8,85,0.8,0,FALSE,GenerationNotice,SpawnLanding,SpawnNotice,0.5
EndlessWave7,Enemy_Tank_Comp,25,1,0.5,SpawnSide,spawnDirection:Up,1,1,0,0,0.5,"MaxHP:4.0:0;ATK:2.7:0,Speed:2.0:0,DashSpeed:2.0:0",230,0.8,85,0.8,0,FALSE,,,,0.5
EndlessWave7,Enemy_Tank_Comp,35,1,0.5,SpawnSide,spawnDirection:Down,1,1,0,0,0.5,"MaxHP:4.0:0;ATK:2.7:0,Speed:2.0:0,DashSpeed:2.0:0",230,0.8,85,0.8,0,FALSE,,,,0.5
EndlessWave7,Boss_Tank_Comp,40,1,0.5,SpawnRandom,,1,1,0,0,0.5,"MaxHP:4.0:0;ATK:2.7:0,Speed:2.0:0,DashSpeed:2.0:0",230,0.8,85,0.8,0,FALSE,,,,0.5
EndlessWave7,Enemy_Normal_Comp,40,1,0.5,SpawnRandomRange,minDistance:9;maxDistance:15,5,5,0,1,0.5,"MaxHP:4.0:0;ATK:2.7:0,Speed:2.0:0,DashSpeed:2.0:0",230,0.8,85,0.8,0,FALSE,GenerationNotice,SpawnLanding,SpawnNotice,0.5
EndlessWave7,Enemy_Normal_Comp,45,5,1,SpawnRandom,,1,2,0,0,0.5,"MaxHP:4.0:0;ATK:2.7:0,Speed:2.0:0,DashSpeed:2.0:0",230,0.8,85,0.8,0,FALSE,,,,0.5
EndlessWave7,Enemy_Tank_Comp,50,1,0.5,SpawnOval,radiusx:18;radiusy:13,6,6,0,1,0.5,"MaxHP:4.0:0;ATK:2.7:0,Speed:2.0:0,DashSpeed:2.0:0",230,0.8,85,0.8,0,FALSE,GenerationNotice,SpawnLanding,SpawnNotice,0.5
EndlessWave7,Enemy_Normal_Comp,55,5,0.5,SpawnRandom,,1,1,0,0,0.5,"MaxHP:4.0:0;ATK:2.7:0,Speed:2.0:0,DashSpeed:2.0:0",230,0.8,85,0.8,0,FALSE,,,,0.5
EndlessWave7,Enemy_Normal_Comp,59,3,1,SpawnSide,spawnDirection:Left,1,2,0,0,0.5,"MaxHP:4.0:0;ATK:2.7:0,Speed:2.0:0,DashSpeed:2.0:0",230,0.8,85,0.8,0,FALSE,,,,0.5
EndlessWave8,Enemy_Normal_Comp,5,3,1.5,SpawnRectangle,sizex:18;sizey:13,8,8,0,1,0.5,"MaxHP:4.1:0;ATK:2.8:0,Speed:2.05:0,DashSpeed:2.05:0",270,0.85,90,0.85,0,FALSE,GenerationNotice,SpawnLanding,SpawnNotice,0.5
EndlessWave8,Enemy_Tank_Comp,15,1,1,SpawnRectangle,sizex:37;sizey:28,20,20,0,1,0.5,"MaxHP:2.0:0;ATK:2.0:0,Speed:0.05:0,DashSpeed:0.5:0",270,0.85,90,0.85,15,FALSE,GenerationNotice,SpawnLanding,SpawnNotice,0.5
EndlessWave8,Enemy_Sniper_Comp,16,3,1,SpawnSide,spawnDirection:Down,1,1,0,0,0.5,"MaxHP:4.1:0;ATK:2.8:0,Speed:2.05:0,DashSpeed:2.05:0",270,0.85,90,0.85,0,FALSE,,,,0.5
EndlessWave8,Boss_Normal_Comp,20,1,0.5,SpawnRandomRange,minDistance:9;maxDistance:15,1,1,0,1,0.5,"MaxHP:4.1:0;ATK:2.8:0,Speed:2.05:0,DashSpeed:2.05:0",270,0.85,90,0.85,0,FALSE,GenerationNotice,SpawnLanding,SpawnNotice,0.5
EndlessWave8,Enemy_Tank_Comp,30,2,0.5,SpawnSide,spawnDirection:Up,1,1,0,0,0.5,"MaxHP:4.1:0;ATK:2.8:0,Speed:2.05:0,DashSpeed:2.05:0",270,0.85,90,0.85,0,FALSE,,,,0.5
EndlessWave8,Enemy_Normal_Comp,35,1,0.5,SpawnSide,spawnDirection:Down,1,1,0,0,0.5,"MaxHP:4.1:0;ATK:2.8:0,Speed:2.05:0,DashSpeed:2.05:0",270,0.85,90,0.85,0,FALSE,,,,0.5
EndlessWave8,Enemy_Normal_Comp,40,1,0.5,SpawnRandomRange,minDistance:9;maxDistance:15,5,5,0,1,0.5,"MaxHP:4.1:0;ATK:2.8:0,Speed:2.05:0,DashSpeed:2.05:0",270,0.85,90,0.85,0,FALSE,GenerationNotice,SpawnLanding,SpawnNotice,0.5
EndlessWave8,Enemy_Sniper_Comp,45,1,1,SpawnRandomRange,minDistance:9;maxDistance:15,3,3,0,1,0.5,"MaxHP:4.1:0;ATK:2.8:0,Speed:2.05:0,DashSpeed:2.05:0",270,0.85,90,0.85,0,FALSE,GenerationNotice,SpawnLanding,SpawnNotice,0.5
EndlessWave8,Enemy_Tank_Comp,50,1,0.5,SpawnRandomRange,minDistance:9;maxDistance:15,2,2,0,1,0.5,"MaxHP:4.1:0;ATK:2.8:0,Speed:2.05:0,DashSpeed:2.05:0",270,0.85,90,0.85,0,FALSE,GenerationNotice,SpawnLanding,SpawnNotice,0.5
EndlessWave8,Enemy_Normal_Comp,55,5,0.5,SpawnSide,spawnDirection:Left,1,1,0,0,0.5,"MaxHP:4.1:0;ATK:2.8:0,Speed:2.05:0,DashSpeed:2.05:0",270,0.85,90,0.85,0,FALSE,,,,0.5
EndlessWave8,Boss_Sniper_Comp,59,1,1,SpawnSide,spawnDirection:Right,1,1,0,0,0.5,"MaxHP:4.1:0;ATK:2.8:0,Speed:2.05:0,DashSpeed:2.05:0",270,0.85,90,0.85,0,FALSE,,,,0.5
EndlessWave9,Enemy_Normal_Comp,7,5,0.75,SpawnSide,spawnDirection:Up,1,1,0,0,0.5,"MaxHP:4.2:0;ATK:2.9:0,Speed:2.1:0,DashSpeed:2.1:0",320,0.9,95,0.9,0,FALSE,,,,0.5
EndlessWave9,Enemy_Normal_Comp,7,5,0.75,SpawnSide,spawnDirection:Down,1,1,0,0,0.5,"MaxHP:4.2:0;ATK:2.9:0,Speed:2.1:0,DashSpeed:2.1:0",320,0.9,95,0.9,0,FALSE,,,,0.5
EndlessWave9,Enemy_Sniper_Comp,14,5,0.75,SpawnSide,spawnDirection:Left,1,1,0,0,0.5,"MaxHP:4.2:0;ATK:2.9:0,Speed:2.1:0,DashSpeed:2.1:0",320,0.9,95,0.9,0,FALSE,,,,0.5
EndlessWave9,Enemy_Sniper_Comp,14,5,0.75,SpawnSide,spawnDirection:Right,1,1,0,0,0.5,"MaxHP:4.2:0;ATK:2.9:0,Speed:2.1:0,DashSpeed:2.1:0",320,0.9,95,0.9,0,FALSE,,,,0.5
EndlessWave9,Enemy_Tank_Comp,21,3,1,SpawnSide,spawnDirection:LowerLeft,1,1,0,0,0.5,"MaxHP:4.2:0;ATK:2.9:0,Speed:2.1:0,DashSpeed:2.1:0",320,0.9,95,0.9,0,FALSE,,,,0.5
EndlessWave9,Enemy_Tank_Comp,21,3,1,SpawnSide,spawnDirection:UpperRight,1,1,0,0,0.5,"MaxHP:4.2:0;ATK:2.9:0,Speed:2.1:0,DashSpeed:2.1:0",320,0.9,95,0.9,0,FALSE,,,,0.5
EndlessWave9,Enemy_Normal_Comp,28,5,0.75,SpawnSide,spawnDirection:LowerLeft,1,1,0,0,0.5,"MaxHP:4.2:0;ATK:2.9:0,Speed:2.1:0,DashSpeed:2.1:0",320,0.9,95,0.9,0,FALSE,,,,0.5
EndlessWave9,Enemy_Sniper_Comp,28,5,0.75,SpawnSide,spawnDirection:UpperRight,1,1,0,0,0.5,"MaxHP:4.2:0;ATK:2.9:0,Speed:2.1:0,DashSpeed:2.1:0",320,0.9,95,0.9,0,FALSE,,,,0.5
EndlessWave9,Enemy_Normal_Comp,35,5,0.75,SpawnSide,spawnDirection:LowerLeft,1,1,0,0,0.5,"MaxHP:4.2:0;ATK:2.9:0,Speed:2.1:0,DashSpeed:2.1:0",320,0.9,95,0.9,0,FALSE,,,,0.5
EndlessWave9,Enemy_Tank_Comp,35,3,1,SpawnSide,spawnDirection:UpperRight,1,1,0,0,0.5,"MaxHP:4.2:0;ATK:2.9:0,Speed:2.1:0,DashSpeed:2.1:0",320,0.9,95,0.9,0,FALSE,,,,0.5
EndlessWave9,Boss_Normal_Comp,40,1,0.5,SpawnRandomRange,minDistance:12;maxDistance:18,2,2,0,1,0.5,"MaxHP:4.2:0;ATK:2.9:0,Speed:2.1:0,DashSpeed:2.1:0",320,0.9,95,0.9,0,FALSE,GenerationNotice,SpawnLanding,SpawnNotice,0.5
EndlessWave9,Enemy_Sniper_Comp,42,5,0.75,SpawnSide,spawnDirection:UpperLeft,1,1,0,0,0.5,"MaxHP:4.2:0;ATK:2.9:0,Speed:2.1:0,DashSpeed:2.1:0",320,0.9,95,0.9,0,FALSE,,,,0.5
EndlessWave9,Enemy_Tank_Comp,42,3,1,SpawnSide,spawnDirection:LowerRight,1,1,0,0,0.5,"MaxHP:4.2:0;ATK:2.9:0,Speed:2.1:0,DashSpeed:2.1:0",320,0.9,95,0.9,0,FALSE,,,,0.5
EndlessWave9,Enemy_Normal_Comp,55,5,0.75,SpawnSide,spawnDirection:Down,1,1,0,0,0.5,"MaxHP:4.2:0;ATK:2.9:0,Speed:2.1:0,DashSpeed:2.1:0",320,0.9,95,0.9,0,FALSE,,,,0.5
EndlessWave9,Enemy_Sniper_Comp,55,5,0.75,SpawnSide,spawnDirection:UpperRight,1,1,0,0,0.5,"MaxHP:4.2:0;ATK:2.9:0,Speed:2.1:0,DashSpeed:2.1:0",320,0.9,95,0.9,0,FALSE,,,,0.5
EndlessWave9,Enemy_Tank_Comp,55,3,1,SpawnSide,spawnDirection:UpperLeft,1,1,0,0,0.5,"MaxHP:4.2:0;ATK:2.9:0,Speed:2.1:0,DashSpeed:2.1:0",320,0.9,95,0.9,0,FALSE,,,,0.5
EndlessWave10,Enemy_Normal_Comp,10,3,0.75,SpawnRandom,,1,3,0,0,0.5,"MaxHP:4.2:0;ATK:2.9:0,Speed:2.1:0,DashSpeed:2.1:0",370,0.95,100,0.95,0,FALSE,,,,0.5
EndlessWave10,Enemy_Sniper_Comp,15,3,0.75,SpawnRandom,,1,3,0,0,0.5,"MaxHP:4.2:0;ATK:2.9:0,Speed:2.1:0,DashSpeed:2.1:0",370,0.95,100,0.95,0,FALSE,,,,0.5
EndlessWave10,Boss_Sniper_Comp,20,1,0.5,SpawnRandomRange,minDistance:8;maxDistance:15,2,2,0,1,0.5,"MaxHP:4.2:0;ATK:2.9:0,Speed:2.1:0,DashSpeed:2.1:0",370,0.95,100,0.95,0,FALSE,GenerationNotice,SpawnLanding,SpawnNotice,0.5
EndlessWave10,Enemy_Normal_Comp,21,1,1,SpawnRandomRange,minDistance:12;maxDistance:18,3,3,0,1,0.5,"MaxHP:4.2:0;ATK:2.9:0,Speed:2.1:0,DashSpeed:2.1:0",370,0.95,100,0.95,0,FALSE,GenerationNotice,SpawnLanding,SpawnNotice,0.5
EndlessWave10,Enemy_Normal_Comp,22,1,1,SpawnRandomRange,minDistance:12;maxDistance:18,4,4,0,1,0.5,"MaxHP:4.2:0;ATK:2.9:0,Speed:2.1:0,DashSpeed:2.1:0",370,0.95,100,0.95,0,FALSE,GenerationNotice,SpawnLanding,SpawnNotice,0.5
EndlessWave10,Enemy_Sniper_Comp,30,3,0.75,SpawnRandom,,1,1,0,0,0.5,"MaxHP:4.2:0;ATK:2.9:0,Speed:2.1:0,DashSpeed:2.1:0",370,0.95,100,0.95,0,FALSE,,,,0.5
EndlessWave10,Enemy_Normal_Comp,35,3,1,SpawnOval,radiusx:18;radiusy:13,6,6,0,1,0.5,"MaxHP:4.2:0;ATK:2.9:0,Speed:2.1:0,DashSpeed:2.1:0",370,0.95,100,0.95,0,FALSE,GenerationNotice,SpawnLanding,SpawnNotice,0.5
EndlessWave10,Enemy_Normal_Comp,40,3,0.5,SpawnRandom,,2,2,0,0,0.5,"MaxHP:4.2:0;ATK:2.9:0,Speed:2.1:0,DashSpeed:2.1:0",370,0.95,100,0.95,0,FALSE,,,,0.5
EndlessWave10,Enemy_Sniper_Comp,45,5,0.75,SpawnRandom,,1,1,0,0,0.5,"MaxHP:4.2:0;ATK:2.9:0,Speed:2.1:0,DashSpeed:2.1:0",370,0.95,100,0.95,0,FALSE,,,,0.5
EndlessWave10,Enemy_Normal_Comp,50,4,1,SpawnRandom,,1,1,0,0,0.5,"MaxHP:4.2:0;ATK:2.9:0,Speed:2.1:0,DashSpeed:2.1:0",370,0.95,100,0.95,0,FALSE,,,,0.5
EndlessWave10,Enemy_Normal_Comp,55,4,0.75,SpawnSide,spawnDirection:Down,1,1,0,0,0.5,"MaxHP:4.2:0;ATK:2.9:0,Speed:2.1:0,DashSpeed:2.1:0",370,0.95,100,0.95,0,FALSE,,,,0.5
EndlessWave10,Boss_Tank_Comp,59,2,1,SpawnRandomRange,minDistance:12;maxDistance:18,2,2,0,1,0.5,"MaxHP:4.2:0;ATK:2.9:0,Speed:2.1:0,DashSpeed:2.1:0",370,0.95,100,0.95,0,FALSE,GenerationNotice,SpawnLanding,SpawnNotice,0.5
EndlessWave11,Enemy_Sniper_Comp,15,3,0.75,SpawnRandom,,1,3,0,0,0.5,"MaxHP:4.3:0;ATK:3.0:0,Speed:2.15:0,DashSpeed:2.15:0",430,1,105,1,0,FALSE,,,,0.5
EndlessWave11,Enemy_Tank_Comp,20,1,0.5,SpawnRandomRange,minDistance:8;maxDistance:15,2,2,0,1,0.5,"MaxHP:4.3:0;ATK:3.0:0,Speed:2.15:0,DashSpeed:2.15:0",430,1,105,1,0,FALSE,GenerationNotice,SpawnLanding,SpawnNotice,0.5
EndlessWave11,Enemy_Tank_Comp,25,1,1,SpawnRandomRange,minDistance:12;maxDistance:18,3,3,0,1,0.5,"MaxHP:4.3:0;ATK:3.0:0,Speed:2.15:0,DashSpeed:2.15:0",430,1,105,1,0,FALSE,GenerationNotice,SpawnLanding,SpawnNotice,0.5
EndlessWave11,Boss_Normal_Comp,30,1,0.75,SpawnRandomRange,minDistance:12;maxDistance:18,1,1,0,1,0.5,"MaxHP:4.3:0;ATK:3.0:0,Speed:2.15:0,DashSpeed:2.15:0",430,1,105,1,0,FALSE,GenerationNotice,SpawnLanding,SpawnNotice,0.5
EndlessWave11,Enemy_Normal_Comp,31,1,1,SpawnRectangle,sizex:37;sizey:28,40,40,0,1,0.5,"MaxHP:4.3:0;ATK:3.0:0,Speed:0.1:0,DashSpeed:0.1:0",430,1,105,1,15,FALSE,GenerationNotice,SpawnLanding,SpawnNotice,0.5
EndlessWave11,Enemy_Sniper_Comp,45,5,0.75,SpawnRandom,,1,1,0,0,0.5,"MaxHP:4.3:0;ATK:3.0:0,Speed:2.15:0,DashSpeed:2.15:0",430,1,105,1,0,FALSE,,,,0.5
EndlessWave11,Enemy_Normal_Comp,50,4,0.75,SpawnSide,spawnDirection:Right,1,1,0,0,0.5,"MaxHP:4.3:0;ATK:3.0:0,Speed:2.15:0,DashSpeed:2.15:0",430,1,105,1,0,FALSE,,,,0.5
EndlessWave11,Enemy_Normal_Comp,50,4,0.75,SpawnSide,spawnDirection:Left,1,1,0,0,0.5,"MaxHP:4.3:0;ATK:3.0:0,Speed:2.15:0,DashSpeed:2.15:0",430,1,105,1,0,FALSE,,,,0.5
EndlessWave11,Boss_Normal_Comp,59,1,1,SpawnRandom,,2,2,0,0,0.5,"MaxHP:4.3:0;ATK:3.0:0,Speed:2.15:0,DashSpeed:2.15:0",430,1,105,1,0,FALSE,,,,0.5
EndlessWave12,Enemy_Normal_Comp,10,1,0.5,SpawnOval,radiusx:40;radiusy:37,40,40,0,1,0.5,"MaxHP:2.2:0;ATK:2.5:0,Speed:0.1:0,DashSpeed:0.1:0",490,1.05,110,1.05,15,FALSE,GenerationNotice,SpawnLanding,SpawnNotice,0.5
EndlessWave12,Enemy_Normal_Comp,11,1,0.5,SpawnOval,radiusx:30;radiusy:27,30,30,0,1,0.5,"MaxHP:2.2:0;ATK:2.5:0,Speed:0.1:0,DashSpeed:0.1:0",490,1.05,110,1.05,14,FALSE,GenerationNotice,SpawnLanding,SpawnNotice,0.5
EndlessWave12,Enemy_Sniper_Comp,15,2,1,SpawnRandom,,2,2,0,0,0.5,"MaxHP:4.3:0;ATK:3.0:0,Speed:2.15:0,DashSpeed:2.15:0",490,1.05,110,1.05,0,FALSE,,,,0.5
EndlessWave12,Enemy_Sniper_Comp,20,2,1,SpawnRandom,,2,2,0,0,0.5,"MaxHP:4.3:0;ATK:3.0:0,Speed:2.15:0,DashSpeed:2.15:0",490,1.05,110,1.05,0,FALSE,,,,0.5
EndlessWave12,Boss_Normal_Comp,30,1,1,SpawnRandom,,1,1,0,0,0.5,"MaxHP:4.3:0;ATK:3.0:0,Speed:2.15:0,DashSpeed:2.15:0",430,1.05,110,1.05,0,FALSE,,,,0.5
EndlessWave12,Boss_Sniper_Comp,30,1,0.75,SpawnRandom,,1,1,0,0,0.5,"MaxHP:4.3:0;ATK:3.0:0,Speed:2.15:0,DashSpeed:2.15:0",490,1.05,110,1.05,0,FALSE,,,,0.5
EndlessWave12,Enemy_Sniper_Comp,40,1,0.75,SpawnRectangle,sizex:40;sizey:27,40,40,0,1,0.5,"MaxHP:2.2:0;ATK:2.5:0,Speed:0.1:0,DashSpeed:0.1:0",490,1.05,110,1.05,15,FALSE,GenerationNotice,SpawnLanding,SpawnNotice,0.5
EndlessWave12,Enemy_Sniper_Comp,41,1,0.75,SpawnRectangle,sizex:30;sizey:27,30,30,0,1,0.5,"MaxHP:2.2:0;ATK:2.5:0,Speed:0.1:0,DashSpeed:0.1:0",490,1.05,110,1.05,14,FALSE,GenerationNotice,SpawnLanding,SpawnNotice,0.5
EndlessWave12,Enemy_Normal_Comp,45,2,0.75,SpawnRandom,,2,2,0,0,0.5,"MaxHP:4.3:0;ATK:3.0:0,Speed:2.15:0,DashSpeed:2.15:0",490,1.05,110,1.05,0,FALSE,,,,0.5
EndlessWave12,Enemy_Normal_Comp,50,2,0.75,SpawnRandom,,2,2,0,0,0.5,"MaxHP:4.3:0;ATK:3.0:0,Speed:2.15:0,DashSpeed:2.15:0",490,1.05,110,1.05,0,FALSE,,,,0.5
EndlessWave12,Boss_Normal_Comp,59,1,1,SpawnRandom,,1,1,0,0,0.5,"MaxHP:4.3:0;ATK:3.0:0,Speed:2.15:0,DashSpeed:2.15:0",490,1.05,110,1.05,0,FALSE,,,,0.5
EndlessWave12,Boss_Tank_Comp,59,1,1,SpawnRandom,,1,1,0,0,0.5,"MaxHP:4.3:0;ATK:3.0:0,Speed:2.15:0,DashSpeed:2.15:0",490,1.05,110,1.05,0,FALSE,,,,0.5
EndlessWave13,Enemy_Normal_Comp,10,10,0.25,SpawnRandom,,1,1,0,0,0.5,"MaxHP:1.0:0;ATK:0.5:0,Speed:2.2:0,DashSpeed:2.2:0",550,1.05,110,1.05,0,FALSE,,,,0.5
EndlessWave13,Enemy_Normal_Comp,15,15,0.25,SpawnRandom,,1,1,0,0,0.5,"MaxHP:1.0:0;ATK:0.5:0,Speed:2.2:0,DashSpeed:2.2:0",550,1.05,110,1.05,0,FALSE,,,,0.5
EndlessWave13,Enemy_Normal_Comp,20,10,0.25,SpawnRandomRange,minDistance:12;maxDistance:18,1,1,0,1,0.5,"MaxHP:1.0:0;ATK:0.5:0,Speed:2.2:0,DashSpeed:2.2:0",550,1.05,110,1.05,0,FALSE,GenerationNotice,SpawnLanding,SpawnNotice,0.5
EndlessWave13,Enemy_Normal_Comp,25,15,0.25,SpawnRandomRange,minDistance:12;maxDistance:18,1,1,0,1,0.5,"MaxHP:1.0:0;ATK:0.5:0,Speed:2.2:0,DashSpeed:2.2:0",550,1.05,110,1.05,0,FALSE,GenerationNotice,SpawnLanding,SpawnNotice,0.5
EndlessWave13,Boss_Sniper_Comp,30,1,1,SpawnRandom,,3,3,0,0,0.5,"MaxHP:4.4:0;ATK:3.1:0,Speed:1.5:0,DashSpeed:1.5:0",550,1.05,110,1.05,0,FALSE,,,,0.5
EndlessWave13,Enemy_Normal_Comp,40,15,0.25,SpawnRandom,,1,1,0,0,0.5,"MaxHP:1.0:0;ATK:0.5:0,Speed:2.2:0,DashSpeed:2.2:0",550,1.05,110,1.05,0,FALSE,,,,0.5
EndlessWave13,Enemy_Normal_Comp,45,15,0.25,SpawnRandom,,1,1,0,0,0.5,"MaxHP:1.0:0;ATK:0.5:0,Speed:2.2:0,DashSpeed:2.2:0",550,1.05,110,1.05,0,FALSE,,,,0.5
EndlessWave13,Enemy_Normal_Comp,50,10,0.25,SpawnRandomRange,minDistance:12;maxDistance:18,1,1,0,1,0.5,"MaxHP:1.0:0;ATK:0.5:0,Speed:2.2:0,DashSpeed:2.2:0",550,1.05,110,1.05,0,FALSE,GenerationNotice,SpawnLanding,SpawnNotice,0.5
EndlessWave13,Enemy_Normal_Comp,55,15,0.25,SpawnRandomRange,minDistance:12;maxDistance:18,1,1,0,1,0.5,"MaxHP:1.0:0;ATK:0.5:0,Speed:2.2:0,DashSpeed:2.2:0",550,1.05,110,1.05,0,FALSE,GenerationNotice,SpawnLanding,SpawnNotice,0.5
EndlessWave13,Boss_Tank_Comp,59,1,1,SpawnRandom,,3,3,0,0,0.5,"MaxHP:4.4:0;ATK:3.1:0,Speed:1.5:0,DashSpeed:1.5:0",550,1.05,110,1.05,0,FALSE,,,,0.5
EndlessWave14,Enemy_Normal_Comp,1,3,1,SpawnSide,spawnDirection:Up,1,1,0,0,0.5,"MaxHP:4.5:0;ATK:3.2:0,Speed:2.25:0,DashSpeed:2.25:0",620,1.1,115,1.1,0,FALSE,,,,0.5
EndlessWave14,Enemy_Sniper_Comp,5,2,1,SpawnSide,spawnDirection:Up,1,1,0,0,0.5,"MaxHP:4.5:0;ATK:3.2:0,Speed:2.25:0,DashSpeed:2.25:0",620,1.1,115,1.1,0,FALSE,,,,0.5
EndlessWave14,Enemy_Normal_Comp,10,2,1,SpawnSide,spawnDirection:Up,1,1,0,0,0.5,"MaxHP:4.5:0;ATK:3.2:0,Speed:2.25:0,DashSpeed:2.25:0",620,1.1,115,1.1,0,FALSE,,,,0.5
EndlessWave14,Enemy_Sniper_Comp,15,1,0.25,SpawnRandomRange,minDistance:12;maxDistance:18,1,1,0,1,0.5,"MaxHP:4.5:0;ATK:3.2:0,Speed:2.25:0,DashSpeed:2.25:0",620,1.1,115,1.1,0,FALSE,GenerationNotice,SpawnLanding,SpawnNotice,0.5
EndlessWave14,Enemy_Tank_Comp,20,2,1,SpawnSide,spawnDirection:Left,1,1,0,0,0.5,"MaxHP:4.5:0;ATK:3.2:0,Speed:2.25:0,DashSpeed:2.25:0",620,1.1,115,1.1,0,FALSE,,,,0.5
EndlessWave14,Enemy_Normal_Comp,25,2,1,SpawnSide,spawnDirection:Left,1,1,0,0,0.5,"MaxHP:4.5:0;ATK:3.2:0,Speed:2.25:0,DashSpeed:2.25:0",620,1.1,115,1.1,0,FALSE,,,,0.5
EndlessWave14,Boss_Sniper_Comp,30,1,0.25,SpawnRandomRange,minDistance:12;maxDistance:18,1,1,0,1,0.5,"MaxHP:4.5:0;ATK:3.2:0,Speed:2.25:0,DashSpeed:2.25:0",620,1.1,115,1.1,0,FALSE,GenerationNotice,SpawnLanding,SpawnNotice,0.5
EndlessWave14,Enemy_Normal_Comp,35,3,1,SpawnSide,spawnDirection:Down,1,1,0,0,0.5,"MaxHP:4.5:0;ATK:3.2:0,Speed:2.25:0,DashSpeed:2.25:0",620,1.1,115,1.1,0,FALSE,,,,0.5
EndlessWave14,Enemy_Tank_Comp,40,2,1,SpawnSide,spawnDirection:Down,1,1,0,0,0.5,"MaxHP:4.5:0;ATK:3.2:0,Speed:2.25:0,DashSpeed:2.25:0",620,1.1,115,1.1,0,FALSE,,,,0.5
EndlessWave14,Enemy_Tank_Comp,45,1,0.25,SpawnRandomRange,minDistance:12;maxDistance:18,1,1,0,1,0.5,"MaxHP:4.5:0;ATK:3.2:0,Speed:2.25:0,DashSpeed:2.25:0",620,1.1,115,1.1,0,FALSE,GenerationNotice,SpawnLanding,SpawnNotice,0.5
EndlessWave14,Enemy_Normal_Comp,50,3,1,SpawnSide,spawnDirection:Right,1,1,0,0,0.5,"MaxHP:4.5:0;ATK:3.2:0,Speed:2.25:0,DashSpeed:2.25:0",620,1.1,115,1.1,0,FALSE,,,,0.5
EndlessWave14,Enemy_Sniper_Comp,55,2,1,SpawnSide,spawnDirection:Right,1,1,0,0,0.5,"MaxHP:4.5:0;ATK:3.2:0,Speed:2.25:0,DashSpeed:2.25:0",620,1.1,115,1.1,0,FALSE,,,,0.5
EndlessWave14,Boss_Normal_Comp,59,1,0.25,SpawnRandomRange,minDistance:12;maxDistance:18,1,1,0,1,0.5,"MaxHP:4.5:0;ATK:3.2:0,Speed:2.25:0,DashSpeed:2.25:0",620,1.1,115,1.1,0,FALSE,GenerationNotice,SpawnLanding,SpawnNotice,0.5
EndlessWave15,Enemy_Sniper_Comp,10,8,0.25,SpawnRandom,,1,1,0,0,0.5,"MaxHP:1.0:0;ATK:0.5:0,Speed:2.3:0,DashSpeed:2.3:0",670,1.15,120,1.15,0,FALSE,,,,0.5
EndlessWave15,Enemy_Sniper_Comp,15,12,0.25,SpawnRandom,,1,1,0,0,0.5,"MaxHP:1.0:0;ATK:0.5:0,Speed:2.3:0,DashSpeed:2.3:0",670,1.15,120,1.15,0,FALSE,,,,0.5
EndlessWave15,Enemy_Sniper_Comp,20,8,0.25,SpawnRandomRange,minDistance:12;maxDistance:18,1,1,0,1,0.5,"MaxHP:1.0:0;ATK:0.5:0,Speed:2.3:0,DashSpeed:2.3:0",670,1.15,120,1.15,0,FALSE,GenerationNotice,SpawnLanding,SpawnNotice,0.5
EndlessWave15,Enemy_Sniper_Comp,25,12,0.25,SpawnRandomRange,minDistance:12;maxDistance:18,1,1,0,1,0.5,"MaxHP:1.0:0;ATK:0.5:0,Speed:2.3:0,DashSpeed:2.3:0",670,1.15,120,1.15,0,FALSE,GenerationNotice,SpawnLanding,SpawnNotice,0.5
EndlessWave15,Boss_Tank_Comp,30,1,1,SpawnRandom,,3,3,0,0,0.5,"MaxHP:4.6:0;ATK:3.3:0,Speed:1.5:0,DashSpeed:1.5:0",670,1.15,120,1.15,0,FALSE,,,,0.5
EndlessWave15,Enemy_Sniper_Comp,40,12,0.25,SpawnRandom,,1,1,0,0,0.5,"MaxHP:1.0:0;ATK:0.5:0,Speed:2.3:0,DashSpeed:2.3:0",670,1.15,120,1.15,0,FALSE,,,,0.5
EndlessWave15,Enemy_Sniper_Comp,45,12,0.25,SpawnRandom,,1,1,0,0,0.5,"MaxHP:1.0:0;ATK:0.5:0,Speed:2.3:0,DashSpeed:2.3:0",670,1.15,120,1.15,0,FALSE,,,,0.5
EndlessWave15,Enemy_Sniper_Comp,50,8,0.25,SpawnRandomRange,minDistance:12;maxDistance:18,1,1,0,1,0.5,"MaxHP:1.0:0;ATK:0.5:0,Speed:2.3:0,DashSpeed:2.3:0",670,1.15,120,1.15,0,FALSE,GenerationNotice,SpawnLanding,SpawnNotice,0.5
EndlessWave15,Enemy_Sniper_Comp,55,12,0.25,SpawnRandomRange,minDistance:12;maxDistance:18,1,1,0,1,0.5,"MaxHP:1.0:0;ATK:0.5:0,Speed:2.3:0,DashSpeed:2.3:0",670,1.15,120,1.15,0,FALSE,GenerationNotice,SpawnLanding,SpawnNotice,0.5
EndlessWave15,Boss_Normal_Comp,59,1,1,SpawnRandom,,3,3,0,0,0.5,"MaxHP:4.6:0;ATK:3.3:0,Speed:1.5:0,DashSpeed:1.5:0",670,1.15,120,1.15,0,FALSE,,,,0.5
EndlessWave16,Enemy_Normal_Comp,10,1,1,SpawnRandomRange,minDistance:12;maxDistance:18,10,10,0,1,0.5,"MaxHP:2.0:0;ATK:2.0:0,Speed:0.1:0,DashSpeed:0.1:0",750,1.2,125,1.2,20,FALSE,GenerationNotice,SpawnLanding,SpawnNotice,0.5
EndlessWave16,Enemy_Sniper_Comp,15,1,0.25,SpawnRandomRange,minDistance:12;maxDistance:18,7,7,0,1,0.5,"MaxHP:2.0:0;ATK:2.0:0,Speed:0.1:0,DashSpeed:0.1:0",750,1.2,125,1.2,20,FALSE,GenerationNotice,SpawnLanding,SpawnNotice,0.5
EndlessWave16,Enemy_Tank_Comp,20,3,0.5,SpawnRandom,,1,1,0,0,0.5,"MaxHP:4.7:0;ATK:3.4:0,Speed:2.35:0,DashSpeed:2.35:0",750,1.2,125,1.2,0,FALSE,,,,0.5
EndlessWave16,Enemy_Normal_Comp,25,1,1,SpawnRandomRange,minDistance:12;maxDistance:18,8,8,0,1,0.5,"MaxHP:4.7:0;ATK:3.4:0,Speed:2.35:0,DashSpeed:2.35:0",750,1.2,125,1.2,20,FALSE,GenerationNotice,SpawnLanding,SpawnNotice,0.5
EndlessWave16,Boss_Normal_Comp,30,1,0.25,SpawnRandom,,2,2,0,0,0.5,"MaxHP:4.7:0;ATK:3.4:0,Speed:2.35:0,DashSpeed:2.35:0",750,1.2,125,1.2,0,FALSE,,,,0.5
EndlessWave16,Enemy_Tank_Comp,40,1,0.25,SpawnRandomRange,minDistance:12;maxDistance:18,6,6,0,1,0.5,"MaxHP:2.0:0;ATK:2.0:0,Speed:0.1:0,DashSpeed:1.0:0",750,1.2,125,1.2,20,FALSE,GenerationNotice,SpawnLanding,SpawnNotice,0.5
EndlessWave16,Enemy_Normal_Comp,45,3,0.5,SpawnRandom,,1,1,0,0,0.5,"MaxHP:4.7:0;ATK:3.4:0,Speed:2.35:0,DashSpeed:2.35:0",750,1.2,125,1.2,0,FALSE,,,,0.5
EndlessWave16,Enemy_Sniper_Comp,55,1,1,SpawnRandomRange,minDistance:12;maxDistance:18,8,8,0,1,0.5,"MaxHP:2.0:0;ATK:2.0:0,Speed:0.1:0,DashSpeed:0.1:0",750,1.2,125,1.2,20,FALSE,GenerationNotice,SpawnLanding,SpawnNotice,0.5
EndlessWave16,Boss_Normal_Comp,59,1,0.25,SpawnRandom,,1,1,0,0,0.5,"MaxHP:4.7:0;ATK:3.4:0,Speed:2.35:0,DashSpeed:2.35:0",750,1.2,125,1.2,0,FALSE,,,,0.5
EndlessWave16,Boss_Tank_Comp,59,1,0.25,SpawnRandom,,1,1,0,0,0.5,"MaxHP:4.7:0;ATK:3.4:0,Speed:2.35:0,DashSpeed:2.35:0",750,1.2,125,1.2,0,FALSE,,,,0.5
EndlessWave17,Enemy_Tank_Comp,10,6,0.25,SpawnRandom,,1,1,0,0,0.5,"MaxHP:1.0:0;ATK:0.5:0,Speed:2.4:0,DashSpeed:2.4:0",830,1.25,130,1.25,0,FALSE,,,,0.5
EndlessWave17,Enemy_Tank_Comp,15,10,0.25,SpawnRandom,,1,1,0,0,0.5,"MaxHP:1.0:0;ATK:0.5:0,Speed:2.4:0,DashSpeed:2.4:0",830,1.25,130,1.25,0,FALSE,,,,0.5
EndlessWave17,Enemy_Tank_Comp,20,6,0.25,SpawnRandomRange,minDistance:12;maxDistance:18,1,1,0,1,0.5,"MaxHP:1.0:0;ATK:0.5:0,Speed:2.4:0,DashSpeed:2.4:0",830,1.25,130,1.25,0,FALSE,GenerationNotice,SpawnLanding,SpawnNotice,0.5
EndlessWave17,Enemy_Tank_Comp,25,10,0.25,SpawnRandomRange,minDistance:12;maxDistance:18,1,1,0,1,0.5,"MaxHP:1.0:0;ATK:0.5:0,Speed:2.4:0,DashSpeed:2.4:0",830,1.25,130,1.25,0,FALSE,GenerationNotice,SpawnLanding,SpawnNotice,0.5
EndlessWave17,Boss_Normal_Comp,30,1,1,SpawnRandom,,3,3,0,0,0.5,"MaxHP:4.8:0;ATK:3.5:0,Speed:1.5:0,DashSpeed:1.5:0",830,1.25,130,1.25,0,FALSE,,,,0.5
EndlessWave17,Enemy_Tank_Comp,40,10,0.25,SpawnRandom,,1,1,0,0,0.5,"MaxHP:1.0:0;ATK:0.5:0,Speed:2.4:0,DashSpeed:2.4:0",830,1.25,130,1.25,0,FALSE,,,,0.5
EndlessWave17,Enemy_Tank_Comp,45,10,0.25,SpawnRandom,,1,1,0,0,0.5,"MaxHP:1.0:0;ATK:0.5:0,Speed:2.4:0,DashSpeed:2.4:0",830,1.25,130,1.25,0,FALSE,,,,0.5
EndlessWave17,Enemy_Tank_Comp,50,6,0.25,SpawnRandomRange,minDistance:12;maxDistance:18,1,1,0,1,0.5,"MaxHP:1.0:0;ATK:0.5:0,Speed:2.4:0,DashSpeed:2.4:0",830,1.25,130,1.25,0,FALSE,GenerationNotice,SpawnLanding,SpawnNotice,0.5
EndlessWave17,Enemy_Tank_Comp,55,10,0.25,SpawnRandomRange,minDistance:12;maxDistance:18,1,1,0,1,0.5,"MaxHP:1.0:0;ATK:0.5:0,Speed:2.4:0,DashSpeed:2.4:0",830,1.25,130,1.25,0,FALSE,GenerationNotice,SpawnLanding,SpawnNotice,0.5
EndlessWave17,Boss_Sniper_Comp,59,1,1,SpawnRandom,,3,3,0,0,0.5,"MaxHP:4.8:0;ATK:3.5:0,Speed:1.5:0,DashSpeed:1.5:0",830,1.25,130,1.25,0,FALSE,,,,0.5
EndlessWave18,Enemy_Normal_Comp,1,20,7,SpawnRandom,,1,1,59,0,0.5,"MaxHP:4.9:0;ATK:3.6:0,Speed:2.45:0,DashSpeed:2.45:0",910,1.3,135,1.3,0,FALSE,,,,0.5
EndlessWave18,Enemy_Sniper_Comp,1,20,10,SpawnRandom,,1,1,59,0,0.5,"MaxHP:4.9:0;ATK:3.6:0,Speed:2.45:0,DashSpeed:2.45:0",910,1.3,135,1.3,0,FALSE,,,,0.5
EndlessWave18,Enemy_Tank_Comp,1,20,20,SpawnRandom,,1,1,59,0,0.5,"MaxHP:4.9:0;ATK:3.6:0,Speed:2.45:0,DashSpeed:2.45:0",910,1.3,135,1.3,0,FALSE,,,,0.5
EndlessWave18,Enemy_Normal_Comp,5,3,0.5,SpawnRandom,,1,1,0,0,0.5,"MaxHP:4.9:0;ATK:3.6:0,Speed:2.45:0,DashSpeed:2.45:0",910,1.3,135,1.3,0,FALSE,,,,0.5
EndlessWave18,Enemy_Sniper_Comp,10,1,0.5,SpawnOval,radiusx:18;radiusy:13,6,6,0,1,0.5,"MaxHP:4.9:0;ATK:3.6:0,Speed:2.45:0,DashSpeed:2.45:0",910,1.3,135,1.3,0,FALSE,GenerationNotice,SpawnLanding,SpawnNotice,0.5
EndlessWave18,Enemy_Normal_Comp,15,2,0.5,SpawnRandom,,1,1,0,0,0.5,"MaxHP:4.9:0;ATK:3.6:0,Speed:2.45:0,DashSpeed:2.45:0",910,1.3,135,1.3,0,FALSE,,,,0.5
EndlessWave18,Boss_Normal_Comp,20,2,0.25,SpawnRandom,,1,1,0,0,0.5,"MaxHP:4.9:0;ATK:3.6:0,Speed:2.45:0,DashSpeed:2.45:0",910,1.3,135,1.3,0,FALSE,,,,0.5
EndlessWave18,Enemy_Normal_Comp,30,1,1,SpawnRectangle,sizex:18;sizey:15,4,4,0,1,0.5,"MaxHP:4.9:0;ATK:3.6:0,Speed:2.45:0,DashSpeed:2.45:0",910,1.3,135,1.3,0,FALSE,GenerationNotice,SpawnLanding,SpawnNotice,0.5
EndlessWave18,Enemy_Tank_Comp,35,1,0.25,SpawnRandomRange,minDistance:12;maxDistance:18,2,2,0,1,0.5,"MaxHP:4.9:0;ATK:3.6:0,Speed:2.45:0,DashSpeed:2.45:0",910,1.3,135,1.3,0,FALSE,GenerationNotice,SpawnLanding,SpawnNotice,0.5
EndlessWave18,Boss_Sniper_Comp,40,2,0.25,SpawnRandom,,1,1,0,0,0.5,"MaxHP:4.9:0;ATK:3.6:0,Speed:2.45:0,DashSpeed:2.45:0",910,1.3,135,1.3,0,FALSE,,,,0.5
EndlessWave18,Enemy_Sniper_Comp,50,1,1,SpawnRandomRange,minDistance:12;maxDistance:18,8,8,0,1,0.5,"MaxHP:4.9:0;ATK:3.6:0,Speed:2.45:0,DashSpeed:2.45:0",910,1.3,135,1.3,0,FALSE,GenerationNotice,SpawnLanding,SpawnNotice,0.5
EndlessWave18,Enemy_Normal_Comp,55,1,0.5,SpawnOval,radiusx:18;radiusy:13,6,6,0,1,0.5,"MaxHP:4.9:0;ATK:3.6:0,Speed:2.45:0,DashSpeed:2.45:0",910,1.3,135,1.3,0,FALSE,GenerationNotice,SpawnLanding,SpawnNotice,0.5
EndlessWave18,Boss_Tank_Comp,59,2,0.25,SpawnRandom,,1,1,0,0,0.5,"MaxHP:4.9:0;ATK:3.6:0,Speed:2.45:0,DashSpeed:2.45:0",910,1.3,135,1.3,0,FALSE,,,,0.5
EndlessWave19,Enemy_Normal_Comp,1,20,7,SpawnRandom,,1,2,59,0,0.5,"MaxHP:4.95:0;ATK:3.7:0,Speed:2.5:0,DashSpeed:2.5:0",1000,1.35,140,1.35,0,FALSE,,,,0.5
EndlessWave19,Enemy_Sniper_Comp,1,20,9,SpawnRandom,,1,1,59,0,0.5,"MaxHP:4.95:0;ATK:3.7:0,Speed:2.5:0,DashSpeed:2.5:0",1000,1.35,140,1.35,0,FALSE,,,,0.5
EndlessWave19,Enemy_Tank_Comp,1,20,19,SpawnRandom,,1,1,59,0,0.5,"MaxHP:4.95:0;ATK:3.7:0,Speed:2.5:0,DashSpeed:2.5:0",1000,1.35,140,1.35,0,FALSE,,,,0.5
EndlessWave19,Enemy_Tank_Comp,10,1,0.5,SpawnOval,radiusx:18;radiusy:13,6,6,0,1,0.5,"MaxHP:4.95:0;ATK:3.7:0,Speed:2.5:0,DashSpeed:2.5:0",1000,1.35,140,1.35,0,FALSE,GenerationNotice,SpawnLanding,SpawnNotice,0.5
EndlessWave19,Enemy_Normal_Comp,15,4,0.5,SpawnRandom,,1,1,0,0,0.5,"MaxHP:4.95:0;ATK:3.7:0,Speed:2.5:0,DashSpeed:2.5:0",1000,1.35,140,1.35,0,FALSE,,,,0.5
EndlessWave19,Boss_Normal_Comp,20,1,0.5,SpawnRandomRange,minDistance:12;maxDistance:18,1,1,0,1,0.5,"MaxHP:4.95:0;ATK:3.7:0,Speed:2.5:0,DashSpeed:2.5:0",1000,1.35,140,1.35,0,FALSE,GenerationNotice,SpawnLanding,SpawnNotice,0.5
EndlessWave19,Boss_Sniper_Comp,20,1,0.5,SpawnRandom,,1,1,0,0,0.5,"MaxHP:4.95:0;ATK:3.7:0,Speed:2.5:0,DashSpeed:2.5:0",1000,1.35,140,1.35,0,FALSE,,,,0.5
EndlessWave19,Enemy_Normal_Comp,30,1,0.5,SpawnOval,radiusx:25;radiusy:19,16,16,0,1,0.5,"MaxHP:4.95:0;ATK:3.7:0,Speed:2.5:0,DashSpeed:2.5:0",1000,1.35,140,1.35,0,FALSE,GenerationNotice,SpawnLanding,SpawnNotice,0.5
EndlessWave19,Enemy_Tank_Comp,35,1,0.5,SpawnRandomRange,minDistance:12;maxDistance:18,2,2,0,1,0.5,"MaxHP:4.95:0;ATK:3.7:0,Speed:2.5:0,DashSpeed:2.5:0",1000,1.35,140,1.35,0,FALSE,GenerationNotice,SpawnLanding,SpawnNotice,0.5
EndlessWave19,Boss_Sniper_Comp,40,1,0.5,SpawnRandom,,1,1,0,0,0.5,"MaxHP:4.95:0;ATK:3.7:0,Speed:2.5:0,DashSpeed:2.5:0",1000,1.35,140,1.35,0,FALSE,,,,0.5
EndlessWave19,Boss_Tank_Comp,40,1,0.5,SpawnRandomRange,minDistance:12;maxDistance:18,1,1,0,1,0.5,"MaxHP:4.95:0;ATK:3.7:0,Speed:2.5:0,DashSpeed:2.5:0",1000,1.35,140,1.35,0,FALSE,GenerationNotice,SpawnLanding,SpawnNotice,0.5
EndlessWave19,Enemy_Normal_Comp,50,1,1,SpawnRectangle,sizex:37;sizey:28,40,40,0,1,0.5,"MaxHP:2.0:0;ATK:2.0:0,Speed:0.1:0,DashSpeed:0.1:0",1000,1.35,140,1.35,15,FALSE,GenerationNotice,SpawnLanding,SpawnNotice,0.5
EndlessWave19,Enemy_Normal_Comp,55,6,0.5,SpawnRandom,,1,1,0,0,0.5,"MaxHP:4.95:0;ATK:3.7:0,Speed:2.5:0,DashSpeed:2.5:0",1000,1.35,140,1.35,0,FALSE,,,,0.5
EndlessWave19,Boss_Normal_Comp,59,1,0.5,SpawnRandomRange,minDistance:12;maxDistance:18,2,2,0,1,0.5,"MaxHP:4.95:0;ATK:3.7:0,Speed:2.5:0,DashSpeed:2.5:0",1000,1.35,140,1.35,0,FALSE,GenerationNotice,SpawnLanding,SpawnNotice,0.5
EndlessWave19,Boss_Sniper_Comp,59,2,0.5,SpawnRandom,,1,1,0,0,0.5,"MaxHP:4.95:0;ATK:3.7:0,Speed:2.5:0,DashSpeed:2.5:0",1000,1.35,140,1.35,0,FALSE,,,,0.5
EndlessWave20,Enemy_Normal_Comp,1,20,6,SpawnRandom,,1,2,59,0,0.5,"MaxHP:5.0:0;ATK:3.8:0,Speed:2.55:0,DashSpeed:2.55:0",1100,1.4,145,1.4,0,FALSE,,,,0.5
EndlessWave20,Enemy_Sniper_Comp,1,20,9,SpawnRandom,,1,2,59,0,0.5,"MaxHP:5.0:0;ATK:3.8:0,Speed:2.55:0,DashSpeed:2.55:0",1100,1.4,145,1.4,0,FALSE,,,,0.5
EndlessWave20,Enemy_Tank_Comp,1,20,17,SpawnRandom,,1,1,59,0,0.5,"MaxHP:5.0:0;ATK:3.8:0,Speed:2.55:0,DashSpeed:2.55:0",1100,1.4,145,1.4,0,FALSE,,,,0.5
EndlessWave20,Enemy_Normal_Comp,10,1,0.5,SpawnOval,radiusx:30;radiusy:27,30,30,0,1,0.5,"MaxHP:2.0:0;ATK:2.0:0,Speed:0.1:0,DashSpeed:0.1:0",1100,1.4,145,1.4,15,FALSE,GenerationNotice,SpawnLanding,SpawnNotice,0.5
EndlessWave20,Enemy_Normal_Comp,15,2,0.5,SpawnRandom,,1,1,0,0,0.5,"MaxHP:5.0:0;ATK:3.8:0,Speed:2.55:0,DashSpeed:2.55:0",1100,1.4,145,1.4,0,FALSE,,,,0.5
EndlessWave20,Boss_Normal_Comp,20,3,0.5,SpawnRandom,,1,1,0,0,0.5,"MaxHP:5.0:0;ATK:3.8:0,Speed:2.55:0,DashSpeed:2.55:0",1100,1.4,145,1.4,0,FALSE,,,,0.5
EndlessWave20,Enemy_Sniper_Comp,30,3,2,SpawnRectangle,sizex:18;sizey:15,4,4,0,1,0.5,"MaxHP:5.0:0;ATK:3.8:0,Speed:2.55:0,DashSpeed:2.55:0",1100,1.4,145,1.4,0,FALSE,GenerationNotice,SpawnLanding,SpawnNotice,0.5
EndlessWave20,Enemy_Sniper_Comp,35,3,0.5,SpawnRandom,,1,1,0,0,0.5,"MaxHP:5.0:0;ATK:3.8:0,Speed:2.55:0,DashSpeed:2.55:0",1100,1.4,145,1.4,0,FALSE,,,,0.5
EndlessWave20,Boss_Sniper_Comp,40,3,0.5,SpawnRandom,,1,1,0,0,0.5,"MaxHP:5.0:0;ATK:3.8:0,Speed:2.55:0,DashSpeed:2.55:0",1100,1.4,145,1.4,0,FALSE,,,,0.5
EndlessWave20,Enemy_Tank_Comp,50,1,1,SpawnRandomRange,minDistance:12;maxDistance:18,5,5,0,1,0.5,"MaxHP:5.0:0;ATK:3.8:0,Speed:2.55:0,DashSpeed:2.55:0",1100,1.4,145,1.4,0,FALSE,GenerationNotice,SpawnLanding,SpawnNotice,0.5
EndlessWave20,Enemy_Tank_Comp,55,5,0.75,SpawnRandom,,1,1,0,0,0.5,"MaxHP:5.0:0;ATK:3.8:0,Speed:2.55:0,DashSpeed:2.55:0",1100,1.4,145,1.4,0,FALSE,,,,0.5
EndlessWave20,Boss_Tank_Comp,59,3,0.5,SpawnRandom,,1,1,0,0,0.5,"MaxHP:5.0:0;ATK:3.8:0,Speed:2.55:0,DashSpeed:2.55:0",1100,1.4,145,1.4,0,FALSE,,,,0.5
EndlessWaveLast,Enemy_Normal_Comp,1,20,5,SpawnRandom,,1,2,59,0,0.5,"MaxHP:5.25:0;ATK:4.0:0,Speed:2.6:0,DashSpeed:2.6:0",1200,1.5,150,1.5,0,FALSE,,,,0.5
EndlessWaveLast,Enemy_Sniper_Comp,1,20,8,SpawnRandom,,1,2,59,0,0.5,"MaxHP:5.25:0;ATK:4.0:0,Speed:2.6:0,DashSpeed:2.6:0",1200,1.5,150,1.5,0,FALSE,,,,0.5
EndlessWaveLast,Enemy_Tank_Comp,1,20,14.5,SpawnRandom,,1,2,59,0,0.5,"MaxHP:5.25:0;ATK:4.0:0,Speed:2.6:0,DashSpeed:2.6:0",1200,1.5,150,1.5,0,FALSE,,,,0.5
EndlessWaveLast,Boss_Normal_Comp,10,1,0.5,SpawnRandom,,1,1,0,0,0.5,"MaxHP:5.25:0;ATK:4.0:0,Speed:2.6:0,DashSpeed:2.6:0",1200,1.5,150,1.5,0,FALSE,,,,0.5
EndlessWaveLast,Boss_Sniper_Comp,20,1,0.5,SpawnRandom,,1,1,0,0,0.5,"MaxHP:5.25:0;ATK:4.0:0,Speed:2.6:0,DashSpeed:2.6:0",1200,1.5,150,1.5,0,FALSE,,,,0.5
EndlessWaveLast,Boss_Tank_Comp,30,1,0.5,SpawnRandom,,1,1,0,0,0.5,"MaxHP:5.25:0;ATK:4.0:0,Speed:2.6:0,DashSpeed:2.6:0",1200,1.5,150,1.5,0,FALSE,,,,0.5
EndlessWaveLast,Boss_Normal_Comp,40,1,0.5,SpawnRandom,,1,1,0,0,0.5,"MaxHP:5.25:0;ATK:4.0:0,Speed:2.6:0,DashSpeed:2.6:0",1200,1.5,150,1.5,0,FALSE,,,,0.5
EndlessWaveLast,Boss_Sniper_Comp,50,1,0.5,SpawnRandom,,1,1,0,0,0.5,"MaxHP:5.25:0;ATK:4.0:0,Speed:2.6:0,DashSpeed:2.6:0",1200,1.5,150,1.5,0,FALSE,,,,0.5
EndlessWaveLast,Boss_Tank_Comp,59,1,0.5,SpawnRandom,,1,1,0,0,0.5,"MaxHP:5.25:0;ATK:4.0:0,Speed:2.6:0,DashSpeed:2.6:0",1200,1.5,150,1.5,0,FALSE,,,,0.5
